MapDate;StateAbbreviation;None;D0;D1;D2;D3;D4;ValidStart;ValidEnd;StatisticFormatID
20250422;IA;27.98;72.02;13.34;0;0;0;22.04.2025;28.04.2025;1
20250415;IA;14.11;85.89;29.52;0;0;0;15.04.2025;21.04.2025;1
20250408;IA;21.38;78.62;29.28;0;0;0;08.04.2025;14.04.2025;1
20250401;IA;20.98;79.02;33.55;0;0;0;01.04.2025;07.04.2025;1
20250325;IA;20.98;79.02;34.53;0;0;0;25.03.2025;31.03.2025;1
20250318;IA;20.93;79.07;56.42;1.17;0;0;18.03.2025;24.03.2025;1
20250311;IA;20.93;79.07;56.42;1.3;0;0;11.03.2025;17.03.2025;1
20250304;IA;14.05;85.95;72.91;1.3;0;0;04.03.2025;10.03.2025;1
20250225;IA;14.46;85.54;72.65;1.3;0;0;25.02.2025;03.03.2025;1
20250218;IA;14.46;85.54;61.42;1.3;0;0;18.02.2025;24.02.2025;1
20250211;IA;13.28;86.72;62.12;1.3;0;0;11.02.2025;17.02.2025;1
20250204;IA;13.28;86.72;62.12;1.3;0;0;04.02.2025;10.02.2025;1
20250128;IA;20.41;79.59;57.13;1.3;0;0;28.01.2025;03.02.2025;1
20250121;IA;20.41;79.59;57.13;1.3;0;0;21.01.2025;27.01.2025;1
20250114;IA;20.41;79.59;57.13;1.3;0;0;14.01.2025;20.01.2025;1
20250107;IA;20.41;79.59;57.13;1.3;0;0;07.01.2025;13.01.2025;1
20241231;IA;20.16;79.84;57.33;1.3;0;0;31.12.2024;06.01.2025;1
20241224;IA;20.57;79.43;61.15;1.3;0;0;24.12.2024;30.12.2024;1
20241217;IA;20.57;79.43;61.15;1.3;0;0;17.12.2024;23.12.2024;1
20241210;IA;7.2;92.8;63.13;1.3;0;0;10.12.2024;16.12.2024;1
20241203;IA;7.2;92.8;60.23;1.3;0;0;03.12.2024;09.12.2024;1
20241126;IA;6.83;93.17;60.23;1.3;0;0;26.11.2024;02.12.2024;1
20241119;IA;6.83;93.17;60.49;2.34;0;0;19.11.2024;25.11.2024;1
20241112;IA;6.16;93.84;63.07;12.6;0;0;12.11.2024;18.11.2024;1
20241105;IA;6.16;93.84;63.37;12.93;0;0;05.11.2024;11.11.2024;1
20241029;IA;0;100;87.8;50.8;0;0;29.10.2024;04.11.2024;1
20241022;IA;0;100;83.31;19.32;0;0;22.10.2024;28.10.2024;1
20241015;IA;2.46;97.54;73.29;15.91;0;0;15.10.2024;21.10.2024;1
20241008;IA;2.46;97.54;56.4;7.36;0;0;08.10.2024;14.10.2024;1
20241001;IA;6.02;93.98;23.2;1.29;0;0;01.10.2024;07.10.2024;1
20240924;IA;6.02;93.98;10.2;0;0;0;24.09.2024;30.09.2024;1
20240917;IA;0;100;4.42;0;0;0;17.09.2024;23.09.2024;1
20240910;IA;34.91;65.09;0;0;0;0;10.09.2024;16.09.2024;1
20240903;IA;56.64;43.36;0;0;0;0;03.09.2024;09.09.2024;1
20240827;IA;62.13;37.87;0;0;0;0;27.08.2024;02.09.2024;1
20240820;IA;96.63;3.37;0;0;0;0;20.08.2024;26.08.2024;1
20240813;IA;97.45;2.55;0;0;0;0;13.08.2024;19.08.2024;1
20240806;IA;97.5;2.5;0;0;0;0;06.08.2024;12.08.2024;1
20240730;IA;100;0;0;0;0;0;30.07.2024;05.08.2024;1
20240723;IA;100;0;0;0;0;0;23.07.2024;29.07.2024;1
20240716;IA;100;0;0;0;0;0;16.07.2024;22.07.2024;1
20240709;IA;99.19;0.81;0;0;0;0;09.07.2024;15.07.2024;1
20240702;IA;87.72;12.28;0;0;0;0;02.07.2024;08.07.2024;1
20240625;IA;80.22;19.78;0;0;0;0;25.06.2024;01.07.2024;1
20240618;IA;69.17;30.83;0;0;0;0;18.06.2024;24.06.2024;1
20240611;IA;83.65;16.35;0;0;0;0;11.06.2024;17.06.2024;1
20240604;IA;76.97;23.03;0;0;0;0;04.06.2024;10.06.2024;1
20240528;IA;75.73;24.27;0;0;0;0;28.05.2024;03.06.2024;1
20240521;IA;66.42;33.58;20.91;0;0;0;21.05.2024;27.05.2024;1
20240514;IA;52.54;47.46;27.43;16.09;0;0;14.05.2024;20.05.2024;1
20240507;IA;40.3;59.7;37.31;19.35;0;0;07.05.2024;13.05.2024;1
20240430;IA;30.11;69.89;49.89;22.28;2.44;0;30.04.2024;06.05.2024;1
20240423;IA;23.52;76.48;58;26.82;2.66;0;23.04.2024;29.04.2024;1
20240416;IA;14.71;85.29;66.2;30.68;7.43;0;16.04.2024;22.04.2024;1
20240409;IA;14.72;85.28;67.33;32.14;10.55;0;09.04.2024;15.04.2024;1
20240402;IA;9.65;90.35;70.58;33.43;11.53;0;02.04.2024;08.04.2024;1
20240326;IA;9.65;90.35;71.27;34.9;12.09;0;26.03.2024;01.04.2024;1
20240319;IA;2.26;97.74;83.77;55.37;19.82;0;19.03.2024;25.03.2024;1
20240312;IA;0.86;99.14;84.39;56.37;20.18;0;12.03.2024;18.03.2024;1
20240305;IA;0.89;99.11;79.7;56.37;20.18;0;05.03.2024;11.03.2024;1
20240227;IA;0.78;99.22;79.04;56.37;18.58;0;27.02.2024;04.03.2024;1
20240220;IA;4.19;95.81;78.22;56.37;18.58;0;20.02.2024;26.02.2024;1
20240213;IA;5.24;94.76;78.22;56.37;18.58;0;13.02.2024;19.02.2024;1
20240206;IA;5.24;94.76;78.22;56.37;18.58;0;06.02.2024;12.02.2024;1
20240130;IA;5.24;94.76;78.41;56.37;18.58;0;30.01.2024;05.02.2024;1
20240123;IA;3.67;96.33;80.08;60.24;24.08;0;23.01.2024;29.01.2024;1
20240116;IA;3.69;96.31;80.05;63.04;27.8;0;16.01.2024;22.01.2024;1
20240109;IA;2.77;97.23;83.41;65.09;34.62;0;09.01.2024;15.01.2024;1
20240102;IA;2.77;97.23;83.41;65.09;35.18;0;02.01.2024;08.01.2024;1
20231226;IA;2.66;97.34;83.41;65.09;35.18;0;26.12.2023;01.01.2024;1
20231219;IA;0.71;99.29;84.33;65.83;35.18;0;19.12.2023;25.12.2023;1
20231212;IA;0.57;99.43;84.33;62.08;27.47;0;12.12.2023;18.12.2023;1
20231205;IA;0.57;99.43;84.33;62.08;27.47;0;05.12.2023;11.12.2023;1
20231128;IA;1.04;98.96;83.66;58.07;27.47;0;28.11.2023;04.12.2023;1
20231121;IA;1.04;98.96;83.66;58.07;27.47;0;21.11.2023;27.11.2023;1
20231114;IA;1.79;98.21;82.71;58.07;27.47;0;14.11.2023;20.11.2023;1
20231107;IA;1.8;98.2;82.71;53.72;23.69;0;07.11.2023;13.11.2023;1
20231031;IA;1.8;98.2;81.34;53.36;23.69;0;31.10.2023;06.11.2023;1
20231024;IA;0.03;99.97;94.37;58.47;23.78;0;24.10.2023;30.10.2023;1
20231017;IA;0.03;99.97;93.57;58.45;23.78;0;17.10.2023;23.10.2023;1
20231010;IA;0;100;95.75;67.41;27.42;3.07;10.10.2023;16.10.2023;1
20231003;IA;0;100;95.75;67.41;27.35;3.07;03.10.2023;09.10.2023;1
20230926;IA;0.01;99.99;95.65;67.41;25;1.17;26.09.2023;02.10.2023;1
20230919;IA;0.19;99.81;96.59;72.99;25.51;4.96;19.09.2023;25.09.2023;1
20230912;IA;0.19;99.81;96.59;72.99;25.51;0;12.09.2023;18.09.2023;1
20230905;IA;0.18;99.82;91.25;54.71;24.61;0;05.09.2023;11.09.2023;1
20230829;IA;0.51;99.49;80.45;51.26;17.59;0;29.08.2023;04.09.2023;1
20230822;IA;1.1;98.9;74.43;41.31;5.28;0;22.08.2023;28.08.2023;1
20230815;IA;1.1;98.9;74.43;33.38;3.07;0;15.08.2023;21.08.2023;1
20230808;IA;0;100;78.47;27.24;3.07;0;08.08.2023;14.08.2023;1
20230801;IA;0;100;82.52;30.29;4.16;0;01.08.2023;07.08.2023;1
20230725;IA;0;100;82.85;18.25;4.15;0;25.07.2023;31.07.2023;1
20230718;IA;0;100;77.62;17.78;3.91;0;18.07.2023;24.07.2023;1
20230711;IA;0;100;86.97;43.38;4.71;0;11.07.2023;17.07.2023;1
20230704;IA;0.48;99.52;86.98;43.52;4.71;0;04.07.2023;10.07.2023;1
20230627;IA;0.6;99.4;89.15;43.93;5.34;0;27.06.2023;03.07.2023;1
20230620;IA;0.6;99.4;83.02;31.74;3.52;0;20.06.2023;26.06.2023;1
20230613;IA;1.8;98.2;67.56;14.37;0.78;0;13.06.2023;19.06.2023;1
20230606;IA;1.2;98.8;42.76;7.94;0.78;0;06.06.2023;12.06.2023;1
20230530;IA;7.49;92.51;39.27;4.86;0.65;0;30.05.2023;05.06.2023;1
20230523;IA;42.8;57.2;28.66;2.47;0.65;0;23.05.2023;29.05.2023;1
20230516;IA;45.62;54.38;25.78;2.44;0.65;0;16.05.2023;22.05.2023;1
20230509;IA;36.54;63.46;30.81;9.83;1.27;0.22;09.05.2023;15.05.2023;1
20230502;IA;25.45;74.55;30.76;9.83;1.27;0.54;02.05.2023;08.05.2023;1
20230425;IA;36.8;63.2;29.69;9.84;1.27;0.54;25.04.2023;01.05.2023;1
20230418;IA;37.97;62.03;31.9;15.54;1.51;0.57;18.04.2023;24.04.2023;1
20230411;IA;37.97;62.03;31.9;15.51;1.51;0.57;11.04.2023;17.04.2023;1
20230404;IA;37.97;62.03;31.87;15.51;1.51;0.57;04.04.2023;10.04.2023;1
20230328;IA;37.97;62.03;31.93;15.54;1.51;0.57;28.03.2023;03.04.2023;1
20230321;IA;35.33;64.67;31.93;15.54;1.51;0.57;21.03.2023;27.03.2023;1
20230314;IA;35.33;64.67;31.93;15.54;1.51;0.57;14.03.2023;20.03.2023;1
20230307;IA;32.45;67.55;32.07;15.54;1.51;0.57;07.03.2023;13.03.2023;1
20230228;IA;25.26;74.74;32.87;15.54;1.55;0.57;28.02.2023;06.03.2023;1
20230221;IA;20.33;79.67;40.89;16.82;1.55;0.57;21.02.2023;27.02.2023;1
20230214;IA;19.85;80.15;53.34;27.98;8.61;0.57;14.02.2023;20.02.2023;1
20230207;IA;16.86;83.14;54;29.43;8.83;0.57;07.02.2023;13.02.2023;1
20230131;IA;17.06;82.94;54;29.43;8.83;0.57;31.01.2023;06.02.2023;1
20230124;IA;17.06;82.94;54;29.43;8.83;0.57;24.01.2023;30.01.2023;1
20230117;IA;17;83;54;29.43;8.83;0.57;17.01.2023;23.01.2023;1
20230110;IA;16.93;83.07;54;29.43;8.83;0.57;10.01.2023;16.01.2023;1
20230103;IA;10.69;89.31;66.66;29.43;8.83;0.57;03.01.2023;09.01.2023;1
20221227;IA;9.52;90.48;66.66;29.43;8.83;0.57;27.12.2022;02.01.2023;1
20221220;IA;9.52;90.48;66.66;29.43;8.83;0.57;20.12.2022;26.12.2022;1
20221213;IA;7.31;92.69;73.35;29.84;11.24;0.57;13.12.2022;19.12.2022;1
20221206;IA;7.31;92.69;73.35;29.84;12.01;0.57;06.12.2022;12.12.2022;1
20221129;IA;7.41;92.59;73.35;29.84;12.01;0.57;29.11.2022;05.12.2022;1
20221122;IA;7.36;92.64;73.3;29.84;12.01;0.57;22.11.2022;28.11.2022;1
20221115;IA;7.36;92.64;73.3;29.84;12.01;0.57;15.11.2022;21.11.2022;1
20221108;IA;7.36;92.64;73.3;29.27;11.11;0.57;08.11.2022;14.11.2022;1
20221101;IA;0;100;88.95;44.94;10.63;0.17;01.11.2022;07.11.2022;1
20221025;IA;0;100;87.67;38.28;7.11;0.17;25.10.2022;31.10.2022;1
20221018;IA;0;100;84.15;35.05;7.11;0.02;18.10.2022;24.10.2022;1
20221011;IA;0;100;57.46;26.99;7.07;0.02;11.10.2022;17.10.2022;1
20221004;IA;15.36;84.64;51.61;25.21;5.07;0.02;04.10.2022;10.10.2022;1
20220927;IA;20.9;79.1;45.05;22.25;5.07;0.02;27.09.2022;03.10.2022;1
20220920;IA;30.43;69.57;41.89;20.39;2.2;0.02;20.09.2022;26.09.2022;1
20220913;IA;32.87;67.13;40.99;23.04;5.64;0.02;13.09.2022;19.09.2022;1
20220906;IA;37.65;62.35;40.18;20.23;2.2;0.02;06.09.2022;12.09.2022;1
20220830;IA;37.8;62.2;40.07;19.27;2.08;0;30.08.2022;05.09.2022;1
20220823;IA;34.28;65.72;38.87;15.92;2.08;0;23.08.2022;29.08.2022;1
20220816;IA;33.1;66.9;38.72;15.92;2.08;0;16.08.2022;22.08.2022;1
20220809;IA;35.96;64.04;38.72;16.67;2.5;0;09.08.2022;15.08.2022;1
20220802;IA;39.99;60.01;30.57;9.14;3.23;0;02.08.2022;08.08.2022;1
20220726;IA;43.91;56.09;17.23;7.79;3.23;0;26.07.2022;01.08.2022;1
20220719;IA;52.97;47.03;15.26;7.34;2.47;0;19.07.2022;25.07.2022;1
20220712;IA;54.87;45.13;12.96;7.34;2.47;0;12.07.2022;18.07.2022;1
20220705;IA;50.27;49.73;14.19;7.34;2.47;0;05.07.2022;11.07.2022;1
20220628;IA;52.73;47.27;14.12;7.34;1.58;0;28.06.2022;04.07.2022;1
20220621;IA;62.86;37.14;12.11;5.83;0;0;21.06.2022;27.06.2022;1
20220614;IA;71.52;28.48;9.34;3.46;0;0;14.06.2022;20.06.2022;1
20220607;IA;72.09;27.91;6.93;2.19;0;0;07.06.2022;13.06.2022;1
20220531;IA;72.3;27.7;6.94;2.19;0;0;31.05.2022;06.06.2022;1
20220524;IA;67.24;32.76;6.94;2.19;0;0;24.05.2022;30.05.2022;1
20220517;IA;67.24;32.76;6.94;2.19;0;0;17.05.2022;23.05.2022;1
20220510;IA;67.24;32.76;6.94;2.19;0;0;10.05.2022;16.05.2022;1
20220503;IA;56.22;43.78;12.92;2.74;0;0;03.05.2022;09.05.2022;1
20220426;IA;54.42;45.58;12.74;2.34;0;0;26.04.2022;02.05.2022;1
20220419;IA;34.32;65.68;23.94;2.34;0;0;19.04.2022;25.04.2022;1
20220412;IA;37.11;62.89;25;2.3;0;0;12.04.2022;18.04.2022;1
20220405;IA;37.18;62.82;25;2.3;0;0;05.04.2022;11.04.2022;1
20220329;IA;32.78;67.22;33.97;2.3;0;0;29.03.2022;04.04.2022;1
20220322;IA;22.12;77.88;36.58;2.3;0;0;22.03.2022;28.03.2022;1
20220315;IA;16.35;83.65;38.43;2.3;0;0;15.03.2022;21.03.2022;1
20220308;IA;16.35;83.65;35.06;0;0;0;08.03.2022;14.03.2022;1
20220301;IA;7.92;92.08;35.7;0;0;0;01.03.2022;07.03.2022;1
20220222;IA;19.54;80.46;27.79;0;0;0;22.02.2022;28.02.2022;1
20220215;IA;19.16;80.84;27.81;0;0;0;15.02.2022;21.02.2022;1
20220208;IA;28.69;71.31;18.72;0;0;0;08.02.2022;14.02.2022;1
20220201;IA;45.22;54.78;13.7;0;0;0;01.02.2022;07.02.2022;1
20220125;IA;48.44;51.56;13.7;0;0;0;25.01.2022;31.01.2022;1
20220118;IA;49.44;50.56;13.7;0;0;0;18.01.2022;24.01.2022;1
20220111;IA;49.42;50.58;13.73;0;0;0;11.01.2022;17.01.2022;1
20220104;IA;50.98;49.02;11.87;0;0;0;04.01.2022;10.01.2022;1
20211228;IA;48.8;51.2;12.81;0;0;0;28.12.2021;03.01.2022;1
20211221;IA;48.76;51.24;12.81;0;0;0;21.12.2021;27.12.2021;1
20211214;IA;48.74;51.26;12.81;0;0;0;14.12.2021;20.12.2021;1
20211207;IA;48.63;51.37;13.17;0;0;0;07.12.2021;13.12.2021;1
20211130;IA;48.63;51.37;13.17;0;0;0;30.11.2021;06.12.2021;1
20211123;IA;57.58;42.42;13.17;0;0;0;23.11.2021;29.11.2021;1
20211116;IA;57.58;42.42;13.17;0;0;0;16.11.2021;22.11.2021;1
20211109;IA;50.37;49.63;23.1;0;0;0;09.11.2021;15.11.2021;1
20211102;IA;50.37;49.63;23.1;0;0;0;02.11.2021;08.11.2021;1
20211026;IA;38.58;61.42;34.88;9.55;0;0;26.10.2021;01.11.2021;1
20211019;IA;22.97;77.03;45.06;14.05;0;0;19.10.2021;25.10.2021;1
20211012;IA;21.67;78.33;45.29;14.05;0;0;12.10.2021;18.10.2021;1
20211005;IA;19.35;80.65;52.09;19.83;0;0;05.10.2021;11.10.2021;1
20210928;IA;24.4;75.6;55.16;18.26;0;0;28.09.2021;04.10.2021;1
20210921;IA;25.42;74.58;48.13;9.6;0;0;21.09.2021;27.09.2021;1
20210914;IA;22.58;77.42;41.8;9.34;0;0;14.09.2021;20.09.2021;1
20210907;IA;30.19;69.81;41.8;9.34;0;0;07.09.2021;13.09.2021;1
20210831;IA;28.25;71.75;44.84;12.61;0;0;31.08.2021;06.09.2021;1
20210824;IA;17.37;82.63;57.35;33.73;10.1;0;24.08.2021;30.08.2021;1
20210817;IA;21.06;78.94;55.05;35.18;10.47;0;17.08.2021;23.08.2021;1
20210810;IA;23.91;76.09;52.49;31.92;7.15;0;10.08.2021;16.08.2021;1
20210803;IA;25.12;74.88;53.88;33.48;6.95;0;03.08.2021;09.08.2021;1
20210727;IA;28.85;71.15;55.38;29.95;0;0;27.07.2021;02.08.2021;1
20210720;IA;30.04;69.96;55.36;26.92;0;0;20.07.2021;26.07.2021;1
20210713;IA;29.08;70.92;55.77;31.49;0;0;13.07.2021;19.07.2021;1
20210706;IA;17.11;82.89;67.13;37.89;0;0;06.07.2021;12.07.2021;1
20210629;IA;14.4;85.6;67.49;35.62;0;0;29.06.2021;05.07.2021;1
20210622;IA;7.54;92.46;76.16;43.88;0;0;22.06.2021;28.06.2021;1
20210615;IA;5.37;94.63;76.04;40.82;0;0;15.06.2021;21.06.2021;1
20210608;IA;11.04;88.96;56.67;9.76;0;0;08.06.2021;14.06.2021;1
20210601;IA;37.88;62.12;37.08;7.62;0;0;01.06.2021;07.06.2021;1
20210525;IA;37.88;62.12;37.07;7.62;0;0;25.05.2021;31.05.2021;1
20210518;IA;36.43;63.57;36.85;7.62;0;0;18.05.2021;24.05.2021;1
20210511;IA;36.43;63.57;36.85;7.62;0;0;11.05.2021;17.05.2021;1
20210504;IA;21.56;78.44;36.85;7.62;0;0;04.05.2021;10.05.2021;1
20210427;IA;25.51;74.49;19.57;7.62;0;0;27.04.2021;03.05.2021;1
20210420;IA;59.23;40.77;12.63;7.62;0;0;20.04.2021;26.04.2021;1
20210413;IA;60.97;39.03;12.63;7.83;0;0;13.04.2021;19.04.2021;1
20210406;IA;58.67;41.33;13.12;7.96;1.89;0;06.04.2021;12.04.2021;1
20210330;IA;58.67;41.33;13.12;7.96;1.89;0;30.03.2021;05.04.2021;1
20210323;IA;58.74;41.26;15.17;8.71;1.89;0;23.03.2021;29.03.2021;1
20210316;IA;57.62;42.38;15.05;8.71;1.89;0;16.03.2021;22.03.2021;1
20210309;IA;45.12;54.88;26.95;10.08;2.93;0;09.03.2021;15.03.2021;1
20210302;IA;47.65;52.35;26.95;10.08;2.93;0;02.03.2021;08.03.2021;1
20210223;IA;47.86;52.14;26.95;10.08;2.93;0;23.02.2021;01.03.2021;1
20210216;IA;47.86;52.14;29.84;12.4;3.55;0;16.02.2021;22.02.2021;1
20210209;IA;47.86;52.14;34.17;15.77;3.55;0;09.02.2021;15.02.2021;1
20210202;IA;47.81;52.19;34.17;15.77;3.55;0;02.02.2021;08.02.2021;1
20210126;IA;47.35;52.65;34.76;15.77;3.55;0;26.01.2021;01.02.2021;1
20210119;IA;41.18;58.82;36.2;17.59;3.55;0;19.01.2021;25.01.2021;1
20210112;IA;39.67;60.33;36.2;17.59;4.03;0;12.01.2021;18.01.2021;1
20210105;IA;41.25;58.75;36.2;17.59;4.03;0;05.01.2021;11.01.2021;1
20201229;IA;37.84;62.16;36.35;17.59;4.03;0;29.12.2020;04.01.2021;1
20201222;IA;37.84;62.16;36.35;17.59;4.03;0;22.12.2020;28.12.2020;1
20201215;IA;37.84;62.16;36.35;17.59;4.03;0;15.12.2020;21.12.2020;1
20201208;IA;37.84;62.16;36.35;17.59;4.03;0;08.12.2020;14.12.2020;1
20201201;IA;38.07;61.93;36.35;17.59;4.03;0;01.12.2020;07.12.2020;1
20201124;IA;31.88;68.12;36.35;17.59;4.03;0;24.11.2020;30.11.2020;1
20201117;IA;35.07;64.93;36.35;17.59;4.03;0;17.11.2020;23.11.2020;1
20201110;IA;36.07;63.93;40;19.1;4.22;0;10.11.2020;16.11.2020;1
20201103;IA;35.78;64.22;40;31.51;4.22;0;03.11.2020;09.11.2020;1
20201027;IA;36.5;63.5;40;31.51;4.22;0;27.10.2020;02.11.2020;1
20201020;IA;19.2;80.8;47.35;34.98;4.48;0;20.10.2020;26.10.2020;1
20201013;IA;27.23;72.77;47.34;34.98;4.48;0;13.10.2020;19.10.2020;1
20201006;IA;30.49;69.51;47.34;35.34;5.18;0;06.10.2020;12.10.2020;1
20200929;IA;30.56;69.44;46.89;22.57;0;0;29.09.2020;05.10.2020;1
20200922;IA;21.75;78.25;47.19;22.99;0;0;22.09.2020;28.09.2020;1
20200915;IA;21.75;78.25;47.15;22.99;0;0;15.09.2020;21.09.2020;1
20200908;IA;5;95;72.08;38.98;14.68;0;08.09.2020;14.09.2020;1
20200901;IA;0.63;99.37;82.77;37.25;14.65;0;01.09.2020;07.09.2020;1
20200825;IA;3.69;96.31;60.88;29.3;6.52;0;25.08.2020;31.08.2020;1
20200818;IA;12.24;87.76;45.46;23.43;6.16;0;18.08.2020;24.08.2020;1
20200811;IA;20.21;79.79;34.27;18.66;6.16;0;11.08.2020;17.08.2020;1
20200804;IA;20.39;79.61;34.27;15.68;6.16;0;04.08.2020;10.08.2020;1
20200728;IA;37.16;62.84;32.58;12.82;0;0;28.07.2020;03.08.2020;1
20200721;IA;45.94;54.06;29.59;7.62;0;0;21.07.2020;27.07.2020;1
20200714;IA;49.22;50.78;21.45;5.77;0;0;14.07.2020;20.07.2020;1
20200707;IA;58.17;41.83;7.24;0;0;0;07.07.2020;13.07.2020;1
20200630;IA;80.66;19.34;0;0;0;0;30.06.2020;06.07.2020;1
20200623;IA;83.85;16.15;0;0;0;0;23.06.2020;29.06.2020;1
20200616;IA;77.61;22.39;0;0;0;0;16.06.2020;22.06.2020;1
20200609;IA;89;11;0;0;0;0;09.06.2020;15.06.2020;1
20200602;IA;92.21;7.79;0;0;0;0;02.06.2020;08.06.2020;1
20200526;IA;78.31;21.69;0;0;0;0;26.05.2020;01.06.2020;1
20200519;IA;74.14;25.86;0;0;0;0;19.05.2020;25.05.2020;1
20200512;IA;79.21;20.79;0;0;0;0;12.05.2020;18.05.2020;1
20200505;IA;100;0;0;0;0;0;05.05.2020;11.05.2020;1
20200428;IA;100;0;0;0;0;0;28.04.2020;04.05.2020;1
20200421;IA;100;0;0;0;0;0;21.04.2020;27.04.2020;1
20200414;IA;100;0;0;0;0;0;14.04.2020;20.04.2020;1
20200407;IA;100;0;0;0;0;0;07.04.2020;13.04.2020;1
20200331;IA;100;0;0;0;0;0;31.03.2020;06.04.2020;1
20200324;IA;100;0;0;0;0;0;24.03.2020;30.03.2020;1
20200317;IA;100;0;0;0;0;0;17.03.2020;23.03.2020;1
20200310;IA;100;0;0;0;0;0;10.03.2020;16.03.2020;1
20200303;IA;100;0;0;0;0;0;03.03.2020;09.03.2020;1
20200225;IA;100;0;0;0;0;0;25.02.2020;02.03.2020;1
20200218;IA;100;0;0;0;0;0;18.02.2020;24.02.2020;1
20200211;IA;100;0;0;0;0;0;11.02.2020;17.02.2020;1
20200204;IA;100;0;0;0;0;0;04.02.2020;10.02.2020;1
20200128;IA;100;0;0;0;0;0;28.01.2020;03.02.2020;1
20200121;IA;100;0;0;0;0;0;21.01.2020;27.01.2020;1
20200114;IA;100;0;0;0;0;0;14.01.2020;20.01.2020;1
20200107;IA;100;0;0;0;0;0;07.01.2020;13.01.2020;1
20191231;IA;100;0;0;0;0;0;31.12.2019;06.01.2020;1
20191224;IA;100;0;0;0;0;0;24.12.2019;30.12.2019;1
20191217;IA;100;0;0;0;0;0;17.12.2019;23.12.2019;1
20191210;IA;100;0;0;0;0;0;10.12.2019;16.12.2019;1
20191203;IA;100;0;0;0;0;0;03.12.2019;09.12.2019;1
20191126;IA;100;0;0;0;0;0;26.11.2019;02.12.2019;1
20191119;IA;100;0;0;0;0;0;19.11.2019;25.11.2019;1
20191112;IA;100;0;0;0;0;0;12.11.2019;18.11.2019;1
20191105;IA;100;0;0;0;0;0;05.11.2019;11.11.2019;1
20191029;IA;100;0;0;0;0;0;29.10.2019;04.11.2019;1
20191022;IA;100;0;0;0;0;0;22.10.2019;28.10.2019;1
20191015;IA;100;0;0;0;0;0;15.10.2019;21.10.2019;1
20191008;IA;100;0;0;0;0;0;08.10.2019;14.10.2019;1
20191001;IA;100;0;0;0;0;0;01.10.2019;07.10.2019;1
20190924;IA;93.53;6.47;0;0;0;0;24.09.2019;30.09.2019;1
20190917;IA;72.68;27.32;4.33;0;0;0;17.09.2019;23.09.2019;1
20190910;IA;55.35;44.65;9.68;0;0;0;10.09.2019;16.09.2019;1
20190903;IA;46.72;53.28;11.89;0;0;0;03.09.2019;09.09.2019;1
20190827;IA;50.25;49.75;6.89;0;0;0;27.08.2019;02.09.2019;1
20190820;IA;59.15;40.85;6.29;0;0;0;20.08.2019;26.08.2019;1
20190813;IA;47.4;52.6;9.5;0;0;0;13.08.2019;19.08.2019;1
20190806;IA;63.61;36.39;0;0;0;0;06.08.2019;12.08.2019;1
20190730;IA;76.52;23.48;0;0;0;0;30.07.2019;05.08.2019;1
20190723;IA;88.77;11.23;0;0;0;0;23.07.2019;29.07.2019;1
20190716;IA;100;0;0;0;0;0;16.07.2019;22.07.2019;1
20190709;IA;100;0;0;0;0;0;09.07.2019;15.07.2019;1
20190702;IA;100;0;0;0;0;0;02.07.2019;08.07.2019;1
20190625;IA;100;0;0;0;0;0;25.06.2019;01.07.2019;1
20190618;IA;100;0;0;0;0;0;18.06.2019;24.06.2019;1
20190611;IA;100;0;0;0;0;0;11.06.2019;17.06.2019;1
20190604;IA;100;0;0;0;0;0;04.06.2019;10.06.2019;1
20190528;IA;100;0;0;0;0;0;28.05.2019;03.06.2019;1
20190521;IA;100;0;0;0;0;0;21.05.2019;27.05.2019;1
20190514;IA;100;0;0;0;0;0;14.05.2019;20.05.2019;1
20190507;IA;100;0;0;0;0;0;07.05.2019;13.05.2019;1
20190430;IA;100;0;0;0;0;0;30.04.2019;06.05.2019;1
20190423;IA;100;0;0;0;0;0;23.04.2019;29.04.2019;1
20190416;IA;100;0;0;0;0;0;16.04.2019;22.04.2019;1
20190409;IA;100;0;0;0;0;0;09.04.2019;15.04.2019;1
20190402;IA;100;0;0;0;0;0;02.04.2019;08.04.2019;1
20190326;IA;100;0;0;0;0;0;26.03.2019;01.04.2019;1
20190319;IA;100;0;0;0;0;0;19.03.2019;25.03.2019;1
20190312;IA;100;0;0;0;0;0;12.03.2019;18.03.2019;1
20190305;IA;100;0;0;0;0;0;05.03.2019;11.03.2019;1
20190226;IA;100;0;0;0;0;0;26.02.2019;04.03.2019;1
20190219;IA;100;0;0;0;0;0;19.02.2019;25.02.2019;1
20190212;IA;100;0;0;0;0;0;12.02.2019;18.02.2019;1
20190205;IA;100;0;0;0;0;0;05.02.2019;11.02.2019;1
20190129;IA;100;0;0;0;0;0;29.01.2019;04.02.2019;1
20190122;IA;100;0;0;0;0;0;22.01.2019;28.01.2019;1
20190115;IA;100;0;0;0;0;0;15.01.2019;21.01.2019;1
20190108;IA;100;0;0;0;0;0;08.01.2019;14.01.2019;1
20190101;IA;100;0;0;0;0;0;01.01.2019;07.01.2019;1
20181225;IA;100;0;0;0;0;0;25.12.2018;31.12.2018;1
20181218;IA;100;0;0;0;0;0;18.12.2018;24.12.2018;1
20181211;IA;100;0;0;0;0;0;11.12.2018;17.12.2018;1
20181204;IA;100;0;0;0;0;0;04.12.2018;10.12.2018;1
20181127;IA;100;0;0;0;0;0;27.11.2018;03.12.2018;1
20181120;IA;100;0;0;0;0;0;20.11.2018;26.11.2018;1
20181113;IA;100;0;0;0;0;0;13.11.2018;19.11.2018;1
20181106;IA;100;0;0;0;0;0;06.11.2018;12.11.2018;1
20181030;IA;98.53;1.47;0;0;0;0;30.10.2018;05.11.2018;1
20181023;IA;98.53;1.47;0;0;0;0;23.10.2018;29.10.2018;1
20181016;IA;98.53;1.47;0;0;0;0;16.10.2018;22.10.2018;1
20181009;IA;97.73;2.27;0.84;0;0;0;09.10.2018;15.10.2018;1
20181002;IA;93.64;6.36;2.15;0.84;0;0;02.10.2018;08.10.2018;1
20180925;IA;93.64;6.36;2.15;0.84;0;0;25.09.2018;01.10.2018;1
20180918;IA;93.64;6.36;2.15;0.84;0;0;18.09.2018;24.09.2018;1
20180911;IA;93.59;6.41;2.15;0.86;0;0;11.09.2018;17.09.2018;1
20180904;IA;81.33;18.67;6.41;3.5;0.86;0;04.09.2018;10.09.2018;1
20180828;IA;69.75;30.25;18.88;9.64;2.16;0;28.08.2018;03.09.2018;1
20180821;IA;69.48;30.52;18.96;9.65;2.24;0;21.08.2018;27.08.2018;1
20180814;IA;64.02;35.98;17.67;4.44;0.84;0;14.08.2018;20.08.2018;1
20180807;IA;66.4;33.6;11.56;4.2;0.84;0;07.08.2018;13.08.2018;1
20180731;IA;73.88;26.12;11.2;4.2;0.84;0;31.07.2018;06.08.2018;1
20180724;IA;76.73;23.27;11.06;3.39;0.84;0;24.07.2018;30.07.2018;1
20180717;IA;80.76;19.24;9.32;2.41;0.08;0;17.07.2018;23.07.2018;1
20180710;IA;80.13;19.87;9.27;2.41;0;0;10.07.2018;16.07.2018;1
20180703;IA;81.3;18.7;8.64;2.41;0;0;03.07.2018;09.07.2018;1
20180626;IA;79.73;20.27;8.64;2.32;0;0;26.06.2018;02.07.2018;1
20180619;IA;76.11;23.89;9.25;2.32;0;0;19.06.2018;25.06.2018;1
20180612;IA;74.51;25.49;9.36;2.32;0;0;12.06.2018;18.06.2018;1
20180605;IA;70.68;29.32;8.97;0;0;0;05.06.2018;11.06.2018;1
20180529;IA;76.57;23.43;8.97;0;0;0;29.05.2018;04.06.2018;1
20180522;IA;76.57;23.43;8.67;0;0;0;22.05.2018;28.05.2018;1
20180515;IA;69.29;30.71;10.85;0;0;0;15.05.2018;21.05.2018;1
20180508;IA;60.54;39.46;12.64;0;0;0;08.05.2018;14.05.2018;1
20180501;IA;58.08;41.92;14.18;0;0;0;01.05.2018;07.05.2018;1
20180424;IA;80.09;19.91;7.45;0;0;0;24.04.2018;30.04.2018;1
20180417;IA;81.98;18.02;7.39;0;0;0;17.04.2018;23.04.2018;1
20180410;IA;81.55;18.45;7.61;0;0;0;10.04.2018;16.04.2018;1
20180403;IA;81.55;18.45;7.61;0;0;0;03.04.2018;09.04.2018;1
20180327;IA;81.55;18.45;7.61;0;0;0;27.03.2018;02.04.2018;1
20180320;IA;78.78;21.22;10.04;0;0;0;20.03.2018;26.03.2018;1
20180313;IA;73.05;26.95;10.04;0;0;0;13.03.2018;19.03.2018;1
20180306;IA;73.05;26.95;10.04;0;0;0;06.03.2018;12.03.2018;1
20180227;IA;73.05;26.95;10.04;0;0;0;27.02.2018;05.03.2018;1
20180220;IA;58.41;41.59;12.24;0;0;0;20.02.2018;26.02.2018;1
20180213;IA;54.79;45.21;15.16;0;0;0;13.02.2018;19.02.2018;1
20180206;IA;46.37;53.63;15.15;0;0;0;06.02.2018;12.02.2018;1
20180130;IA;46.22;53.78;15.23;0;0;0;30.01.2018;05.02.2018;1
20180123;IA;46.22;53.78;15.23;0;0;0;23.01.2018;29.01.2018;1
20180116;IA;25.71;74.29;8.13;0;0;0;16.01.2018;22.01.2018;1
20180109;IA;28.96;71.04;8.13;0;0;0;09.01.2018;15.01.2018;1
20180102;IA;28.96;71.04;8.13;0;0;0;02.01.2018;08.01.2018;1
20171226;IA;28.96;71.04;8.13;0;0;0;26.12.2017;01.01.2018;1
20171219;IA;28.96;71.04;8.13;0;0;0;19.12.2017;25.12.2017;1
20171212;IA;46.91;53.09;7.39;0;0;0;12.12.2017;18.12.2017;1
20171205;IA;61.06;38.94;6.7;0;0;0;05.12.2017;11.12.2017;1
20171128;IA;72.8;27.2;6.7;0;0;0;28.11.2017;04.12.2017;1
20171121;IA;72.8;27.2;6.7;0;0;0;21.11.2017;27.11.2017;1
20171114;IA;72.8;27.2;6.7;0;0;0;14.11.2017;20.11.2017;1
20171107;IA;72.88;27.12;5.96;0;0;0;07.11.2017;13.11.2017;1
20171031;IA;72.88;27.12;5.96;0;0;0;31.10.2017;06.11.2017;1
20171024;IA;72.88;27.12;5.96;0;0;0;24.10.2017;30.10.2017;1
20171017;IA;71.33;28.67;8.69;0.4;0;0;17.10.2017;23.10.2017;1
20171010;IA;58.8;41.2;23.97;1.98;0;0;10.10.2017;16.10.2017;1
20171003;IA;43.48;56.52;34.72;8.7;3.2;0;03.10.2017;09.10.2017;1
20170926;IA;42.6;57.4;30.12;6.64;2.24;0;26.09.2017;02.10.2017;1
20170919;IA;32.24;67.76;36.95;11.11;3.7;0;19.09.2017;25.09.2017;1
20170912;IA;29.33;70.67;33.17;10.62;3.34;0;12.09.2017;18.09.2017;1
20170905;IA;50.32;49.68;28.15;9.96;2.26;0;05.09.2017;11.09.2017;1
20170829;IA;51.85;48.15;27.62;9.55;2.27;0;29.08.2017;04.09.2017;1
20170822;IA;44.31;55.69;33.74;10.17;2.27;0;22.08.2017;28.08.2017;1
20170815;IA;29.16;70.84;44.63;13.82;2.51;0;15.08.2017;21.08.2017;1
20170808;IA;28.53;71.47;40.42;12.49;0;0;08.08.2017;14.08.2017;1
20170801;IA;33;67;36.19;7.05;0;0;01.08.2017;07.08.2017;1
20170725;IA;35.99;64.01;34.74;1.66;0;0;25.07.2017;31.07.2017;1
20170718;IA;41.63;58.37;22.24;0;0;0;18.07.2017;24.07.2017;1
20170711;IA;52.49;47.51;16.24;0;0;0;11.07.2017;17.07.2017;1
20170704;IA;49.4;50.6;8.9;0;0;0;04.07.2017;10.07.2017;1
20170627;IA;54.96;45.04;1.29;0;0;0;27.06.2017;03.07.2017;1
20170620;IA;57.43;42.57;1.29;0;0;0;20.06.2017;26.06.2017;1
20170613;IA;61.56;38.44;0.34;0;0;0;13.06.2017;19.06.2017;1
20170606;IA;98.66;1.34;0;0;0;0;06.06.2017;12.06.2017;1
20170530;IA;100;0;0;0;0;0;30.05.2017;05.06.2017;1
20170523;IA;100;0;0;0;0;0;23.05.2017;29.05.2017;1
20170516;IA;100;0;0;0;0;0;16.05.2017;22.05.2017;1
20170509;IA;100;0;0;0;0;0;09.05.2017;15.05.2017;1
20170502;IA;100;0;0;0;0;0;02.05.2017;08.05.2017;1
20170425;IA;95.36;4.64;0;0;0;0;25.04.2017;01.05.2017;1
20170418;IA;95.36;4.64;0;0;0;0;18.04.2017;24.04.2017;1
20170411;IA;95.36;4.64;0;0;0;0;11.04.2017;17.04.2017;1
20170404;IA;88.35;11.65;0;0;0;0;04.04.2017;10.04.2017;1
20170328;IA;82.34;17.66;5.67;0;0;0;28.03.2017;03.04.2017;1
20170321;IA;81.98;18.02;5.67;0;0;0;21.03.2017;27.03.2017;1
20170314;IA;82.34;17.66;5.67;0;0;0;14.03.2017;20.03.2017;1
20170307;IA;82.32;17.68;5.67;0;0;0;07.03.2017;13.03.2017;1
20170228;IA;86.23;13.77;0;0;0;0;28.02.2017;06.03.2017;1
20170221;IA;86.23;13.77;0;0;0;0;21.02.2017;27.02.2017;1
20170214;IA;88.19;11.81;0;0;0;0;14.02.2017;20.02.2017;1
20170207;IA;88.19;11.81;0;0;0;0;07.02.2017;13.02.2017;1
20170131;IA;88.19;11.81;0;0;0;0;31.01.2017;06.02.2017;1
20170124;IA;87.35;12.65;0;0;0;0;24.01.2017;30.01.2017;1
20170117;IA;87.49;12.51;0;0;0;0;17.01.2017;23.01.2017;1
20170110;IA;86.11;13.89;0;0;0;0;10.01.2017;16.01.2017;1
20170103;IA;86.11;13.89;0;0;0;0;03.01.2017;09.01.2017;1
20161227;IA;86.11;13.89;0;0;0;0;27.12.2016;02.01.2017;1
20161220;IA;84.35;15.65;0;0;0;0;20.12.2016;26.12.2016;1
20161213;IA;85.34;14.66;0;0;0;0;13.12.2016;19.12.2016;1
20161206;IA;85.34;14.66;0;0;0;0;06.12.2016;12.12.2016;1
20161129;IA;85.34;14.66;0;0;0;0;29.11.2016;05.12.2016;1
20161122;IA;85.34;14.66;0;0;0;0;22.11.2016;28.11.2016;1
20161115;IA;85.34;14.66;0;0;0;0;15.11.2016;21.11.2016;1
20161108;IA;93.22;6.78;0;0;0;0;08.11.2016;14.11.2016;1
20161101;IA;93.22;6.78;0;0;0;0;01.11.2016;07.11.2016;1
20161025;IA;95.06;4.94;0;0;0;0;25.10.2016;31.10.2016;1
20161018;IA;95.06;4.94;0;0;0;0;18.10.2016;24.10.2016;1
20161011;IA;95.07;4.93;0;0;0;0;11.10.2016;17.10.2016;1
20161004;IA;95.07;4.93;0;0;0;0;04.10.2016;10.10.2016;1
20160927;IA;95.07;4.93;0;0;0;0;27.09.2016;03.10.2016;1
20160920;IA;96.78;3.22;0;0;0;0;20.09.2016;26.09.2016;1
20160913;IA;98.85;1.15;0;0;0;0;13.09.2016;19.09.2016;1
20160906;IA;98.85;1.15;0;0;0;0;06.09.2016;12.09.2016;1
20160830;IA;94.04;5.96;0;0;0;0;30.08.2016;05.09.2016;1
20160823;IA;87.83;12.17;1.12;0;0;0;23.08.2016;29.08.2016;1
20160816;IA;85.8;14.2;1.12;0;0;0;16.08.2016;22.08.2016;1
20160809;IA;69.29;30.71;2.52;0;0;0;09.08.2016;15.08.2016;1
20160802;IA;70.99;29.01;2.71;0;0;0;02.08.2016;08.08.2016;1
20160726;IA;69.32;30.68;3.59;0;0;0;26.07.2016;01.08.2016;1
20160719;IA;58.95;41.05;6.8;0;0;0;19.07.2016;25.07.2016;1
20160712;IA;55.54;44.46;17.58;0;0;0;12.07.2016;18.07.2016;1
20160705;IA;52.87;47.13;17.85;0;0;0;05.07.2016;11.07.2016;1
20160628;IA;48.34;51.66;16.45;0;0;0;28.06.2016;04.07.2016;1
20160621;IA;55.8;44.2;11.69;0;0;0;21.06.2016;27.06.2016;1
20160614;IA;73.14;26.86;0;0;0;0;14.06.2016;20.06.2016;1
20160607;IA;85.61;14.39;0;0;0;0;07.06.2016;13.06.2016;1
20160531;IA;88.84;11.16;0;0;0;0;31.05.2016;06.06.2016;1
20160524;IA;100;0;0;0;0;0;24.05.2016;30.05.2016;1
20160517;IA;100;0;0;0;0;0;17.05.2016;23.05.2016;1
20160510;IA;100;0;0;0;0;0;10.05.2016;16.05.2016;1
20160503;IA;100;0;0;0;0;0;03.05.2016;09.05.2016;1
20160426;IA;100;0;0;0;0;0;26.04.2016;02.05.2016;1
20160419;IA;100;0;0;0;0;0;19.04.2016;25.04.2016;1
20160412;IA;100;0;0;0;0;0;12.04.2016;18.04.2016;1
20160405;IA;100;0;0;0;0;0;05.04.2016;11.04.2016;1
20160329;IA;100;0;0;0;0;0;29.03.2016;04.04.2016;1
20160322;IA;100;0;0;0;0;0;22.03.2016;28.03.2016;1
20160315;IA;100;0;0;0;0;0;15.03.2016;21.03.2016;1
20160308;IA;100;0;0;0;0;0;08.03.2016;14.03.2016;1
20160301;IA;100;0;0;0;0;0;01.03.2016;07.03.2016;1
20160223;IA;100;0;0;0;0;0;23.02.2016;29.02.2016;1
20160216;IA;100;0;0;0;0;0;16.02.2016;22.02.2016;1
20160209;IA;100;0;0;0;0;0;09.02.2016;15.02.2016;1
20160202;IA;100;0;0;0;0;0;02.02.2016;08.02.2016;1
20160126;IA;100;0;0;0;0;0;26.01.2016;01.02.2016;1
20160119;IA;100;0;0;0;0;0;19.01.2016;25.01.2016;1
20160112;IA;100;0;0;0;0;0;12.01.2016;18.01.2016;1
20160105;IA;100;0;0;0;0;0;05.01.2016;11.01.2016;1
20151229;IA;100;0;0;0;0;0;29.12.2015;04.01.2016;1
20151222;IA;100;0;0;0;0;0;22.12.2015;28.12.2015;1
20151215;IA;100;0;0;0;0;0;15.12.2015;21.12.2015;1
20151208;IA;96.74;3.26;0;0;0;0;08.12.2015;14.12.2015;1
20151201;IA;96.74;3.26;0;0;0;0;01.12.2015;07.12.2015;1
20151124;IA;96.74;3.26;0;0;0;0;24.11.2015;30.11.2015;1
20151117;IA;84.21;15.79;2.02;0;0;0;17.11.2015;23.11.2015;1
20151110;IA;83.08;16.92;4.92;0;0;0;10.11.2015;16.11.2015;1
20151103;IA;84.83;15.17;4.92;0;0;0;03.11.2015;09.11.2015;1
20151027;IA;82.54;17.46;5.91;0;0;0;27.10.2015;02.11.2015;1
20151020;IA;86.72;13.28;3.6;0;0;0;20.10.2015;26.10.2015;1
20151013;IA;91.61;8.39;1.87;0;0;0;13.10.2015;19.10.2015;1
20151006;IA;94.99;5.01;0;0;0;0;06.10.2015;12.10.2015;1
20150929;IA;94.52;5.48;0;0;0;0;29.09.2015;05.10.2015;1
20150922;IA;96.97;3.03;0;0;0;0;22.09.2015;28.09.2015;1
20150915;IA;96.05;3.95;0;0;0;0;15.09.2015;21.09.2015;1
20150908;IA;96.05;3.95;0;0;0;0;08.09.2015;14.09.2015;1
20150901;IA;95.72;4.28;0;0;0;0;01.09.2015;07.09.2015;1
20150825;IA;93.95;6.05;0;0;0;0;25.08.2015;31.08.2015;1
20150818;IA;93.95;6.05;0.23;0;0;0;18.08.2015;24.08.2015;1
20150811;IA;86.39;13.61;0.23;0;0;0;11.08.2015;17.08.2015;1
20150804;IA;86.39;13.61;0;0;0;0;04.08.2015;10.08.2015;1
20150728;IA;93.97;6.03;0;0;0;0;28.07.2015;03.08.2015;1
20150721;IA;93.17;6.83;0;0;0;0;21.07.2015;27.07.2015;1
20150714;IA;94.11;5.89;0;0;0;0;14.07.2015;20.07.2015;1
20150707;IA;100;0;0;0;0;0;07.07.2015;13.07.2015;1
20150630;IA;99.7;0.3;0;0;0;0;30.06.2015;06.07.2015;1
20150623;IA;99.7;0.3;0;0;0;0;23.06.2015;29.06.2015;1
20150616;IA;99.7;0.3;0;0;0;0;16.06.2015;22.06.2015;1
20150609;IA;99.7;0.3;0;0;0;0;09.06.2015;15.06.2015;1
20150602;IA;99.31;0.69;0;0;0;0;02.06.2015;08.06.2015;1
20150526;IA;99.31;0.69;0;0;0;0;26.05.2015;01.06.2015;1
20150519;IA;91.14;8.86;0;0;0;0;19.05.2015;25.05.2015;1
20150512;IA;85.62;14.38;0;0;0;0;12.05.2015;18.05.2015;1
20150505;IA;80.23;19.77;1.8;0;0;0;05.05.2015;11.05.2015;1
20150428;IA;78.93;21.07;1.52;0;0;0;28.04.2015;04.05.2015;1
20150421;IA;75.05;24.95;0.09;0;0;0;21.04.2015;27.04.2015;1
20150414;IA;53.95;46.05;0.01;0;0;0;14.04.2015;20.04.2015;1
20150407;IA;51.09;48.91;0.01;0;0;0;07.04.2015;13.04.2015;1
20150331;IA;51.09;48.91;0.01;0;0;0;31.03.2015;06.04.2015;1
20150324;IA;72.18;27.82;0.01;0;0;0;24.03.2015;30.03.2015;1
20150317;IA;76.76;23.24;0.01;0;0;0;17.03.2015;23.03.2015;1
20150310;IA;76.85;23.15;0;0;0;0;10.03.2015;16.03.2015;1
20150303;IA;92.29;7.71;0;0;0;0;03.03.2015;09.03.2015;1
20150224;IA;92.29;7.71;0;0;0;0;24.02.2015;02.03.2015;1
20150217;IA;92.29;7.71;0;0;0;0;17.02.2015;23.02.2015;1
20150210;IA;92.29;7.71;0;0;0;0;10.02.2015;16.02.2015;1
20150203;IA;92.29;7.71;0;0;0;0;03.02.2015;09.02.2015;1
20150127;IA;55.42;44.58;0;0;0;0;27.01.2015;02.02.2015;1
20150120;IA;93.01;6.99;0;0;0;0;20.01.2015;26.01.2015;1
20150113;IA;93.01;6.99;0;0;0;0;13.01.2015;19.01.2015;1
20150106;IA;93.01;6.99;0;0;0;0;06.01.2015;12.01.2015;1
20141230;IA;93.01;6.99;0;0;0;0;30.12.2014;05.01.2015;1
20141223;IA;93.01;6.99;0;0;0;0;23.12.2014;29.12.2014;1
20141216;IA;93.01;6.99;0;0;0;0;16.12.2014;22.12.2014;1
20141209;IA;93.01;6.99;0;0;0;0;09.12.2014;15.12.2014;1
20141202;IA;93.01;6.99;0;0;0;0;02.12.2014;08.12.2014;1
20141125;IA;93.01;6.99;0;0;0;0;25.11.2014;01.12.2014;1
20141118;IA;99.29;0.71;0;0;0;0;18.11.2014;24.11.2014;1
20141111;IA;99.29;0.71;0;0;0;0;11.11.2014;17.11.2014;1
20141104;IA;100;0;0;0;0;0;04.11.2014;10.11.2014;1
20141028;IA;100;0;0;0;0;0;28.10.2014;03.11.2014;1
20141021;IA;100;0;0;0;0;0;21.10.2014;27.10.2014;1
20141014;IA;100;0;0;0;0;0;14.10.2014;20.10.2014;1
20141007;IA;99.99;0.01;0;0;0;0;07.10.2014;13.10.2014;1
20140930;IA;99.99;0.01;0;0;0;0;30.09.2014;06.10.2014;1
20140923;IA;100;0;0;0;0;0;23.09.2014;29.09.2014;1
20140916;IA;100;0;0;0;0;0;16.09.2014;22.09.2014;1
20140909;IA;97.63;2.37;0;0;0;0;09.09.2014;15.09.2014;1
20140902;IA;97.63;2.37;0;0;0;0;02.09.2014;08.09.2014;1
20140826;IA;82.33;17.67;0;0;0;0;26.08.2014;01.09.2014;1
20140819;IA;80.08;19.92;0;0;0;0;19.08.2014;25.08.2014;1
20140812;IA;97.22;2.78;0;0;0;0;12.08.2014;18.08.2014;1
20140805;IA;99.13;0.87;0;0;0;0;05.08.2014;11.08.2014;1
20140729;IA;99.13;0.87;0;0;0;0;29.07.2014;04.08.2014;1
20140722;IA;99.31;0.69;0;0;0;0;22.07.2014;28.07.2014;1
20140715;IA;99.31;0.69;0;0;0;0;15.07.2014;21.07.2014;1
20140708;IA;98.25;1.75;0;0;0;0;08.07.2014;14.07.2014;1
20140701;IA;96.28;3.72;0;0;0;0;01.07.2014;07.07.2014;1
20140624;IA;83.54;16.46;2.78;0;0;0;24.06.2014;30.06.2014;1
20140617;IA;79.38;20.62;6.2;0;0;0;17.06.2014;23.06.2014;1
20140610;IA;59.92;40.08;20.51;0;0;0;10.06.2014;16.06.2014;1
20140603;IA;44.05;55.95;28.12;0;0;0;03.06.2014;09.06.2014;1
20140527;IA;41.7;58.3;28.76;0;0;0;27.05.2014;02.06.2014;1
20140520;IA;43.75;56.25;28.76;0;0;0;20.05.2014;26.05.2014;1
20140513;IA;43.75;56.25;28.76;0;0;0;13.05.2014;19.05.2014;1
20140506;IA;32.9;67.1;40.7;3.13;0;0;06.05.2014;12.05.2014;1
20140429;IA;32.9;67.1;37.23;3.13;0;0;29.04.2014;05.05.2014;1
20140422;IA;21.47;78.53;40.84;5.3;0;0;22.04.2014;28.04.2014;1
20140415;IA;21.47;78.53;40.84;5.3;0;0;15.04.2014;21.04.2014;1
20140408;IA;17.67;82.33;56.68;6.84;0;0;08.04.2014;14.04.2014;1
20140401;IA;17.67;82.33;56.68;6.84;0;0;01.04.2014;07.04.2014;1
20140325;IA;17.67;82.33;56.68;6.84;0;0;25.03.2014;31.03.2014;1
20140318;IA;17.67;82.33;56.68;6.84;0;0;18.03.2014;24.03.2014;1
20140311;IA;16.1;83.9;48.51;6.84;0;0;11.03.2014;17.03.2014;1
20140304;IA;16.29;83.71;47.04;6.84;0;0;04.03.2014;10.03.2014;1
20140225;IA;16.29;83.71;47.04;7.11;0;0;25.02.2014;03.03.2014;1
20140218;IA;16.29;83.71;54.85;17;0;0;18.02.2014;24.02.2014;1
20140211;IA;14.04;85.96;52.56;19.7;0;0;11.02.2014;17.02.2014;1
20140204;IA;14.04;85.96;52.56;19.7;0;0;04.02.2014;10.02.2014;1
20140128;IA;14.04;85.96;52.56;19.7;0;0;28.01.2014;03.02.2014;1
20140121;IA;15.12;84.88;52.56;19.7;0;0;21.01.2014;27.01.2014;1
20140114;IA;23.4;76.6;52.56;19.7;0;0;14.01.2014;20.01.2014;1
20140107;IA;23.4;76.6;52.56;19.7;0;0;07.01.2014;13.01.2014;1
20131231;IA;23.4;76.6;52.56;19.7;0;0;31.12.2013;06.01.2014;1
20131224;IA;23.4;76.6;52.56;19.7;0;0;24.12.2013;30.12.2013;1
20131217;IA;23.4;76.6;52.5;19.7;0;0;17.12.2013;23.12.2013;1
20131210;IA;23.4;76.6;52.5;19.7;0;0;10.12.2013;16.12.2013;1
20131203;IA;23.4;76.6;52.5;19.7;0;0;03.12.2013;09.12.2013;1
20131126;IA;23.4;76.6;52.5;19.7;0;0;26.11.2013;02.12.2013;1
20131119;IA;23.4;76.6;52.5;19.7;0;0;19.11.2013;25.11.2013;1
20131112;IA;20.63;79.37;54.69;21.6;0;0;12.11.2013;18.11.2013;1
20131105;IA;11.23;88.77;68.27;27.26;1.76;0;05.11.2013;11.11.2013;1
20131029;IA;11.09;88.91;68.27;35;1.76;0;29.10.2013;04.11.2013;1
20131022;IA;11.09;88.91;68.27;35;1.76;0;22.10.2013;28.10.2013;1
20131015;IA;11;89;68.27;35;1.76;0;15.10.2013;21.10.2013;1
20131008;IA;8.34;91.66;71.15;36.06;1.76;0;08.10.2013;14.10.2013;1
20131001;IA;5.32;94.68;78.89;38.39;1.76;0;01.10.2013;07.10.2013;1
20130924;IA;5.33;94.67;78.53;37.33;1.76;0;24.09.2013;30.09.2013;1
20130917;IA;2.62;97.38;72.82;41.58;0;0;17.09.2013;23.09.2013;1
20130910;IA;1.84;98.16;72.3;41.79;0;0;10.09.2013;16.09.2013;1
20130903;IA;1.84;98.16;63.24;32.07;0;0;03.09.2013;09.09.2013;1
20130827;IA;0;100;60.23;22.4;0;0;27.08.2013;02.09.2013;1
20130820;IA;17.57;82.43;35.16;0;0;0;20.08.2013;26.08.2013;1
20130813;IA;25.5;74.5;35.16;0;0;0;13.08.2013;19.08.2013;1
20130806;IA;27.16;72.84;16.51;0;0;0;06.08.2013;12.08.2013;1
20130730;IA;29.82;70.18;0.02;0;0;0;30.07.2013;05.08.2013;1
20130723;IA;37.08;62.92;0.01;0;0;0;23.07.2013;29.07.2013;1
20130716;IA;80.21;19.79;0.01;0;0;0;16.07.2013;22.07.2013;1
20130709;IA;99.36;0.64;0.01;0;0;0;09.07.2013;15.07.2013;1
20130702;IA;99.42;0.58;0.01;0;0;0;02.07.2013;08.07.2013;1
20130625;IA;99.42;0.58;0.01;0;0;0;25.06.2013;01.07.2013;1
20130618;IA;92.92;7.08;0.01;0;0;0;18.06.2013;24.06.2013;1
20130611;IA;87.88;12.12;0.64;0;0;0;11.06.2013;17.06.2013;1
20130604;IA;86.41;13.59;1;0;0;0;04.06.2013;10.06.2013;1
20130528;IA;81.08;18.92;1.97;0;0;0;28.05.2013;03.06.2013;1
20130521;IA;64.5;35.5;17.63;3.92;0.05;0;21.05.2013;27.05.2013;1
20130514;IA;61.24;38.76;19.47;3.92;0.05;0;14.05.2013;20.05.2013;1
20130507;IA;58.35;41.65;20.75;3.93;0.06;0;07.05.2013;13.05.2013;1
20130430;IA;46.26;53.74;35.67;6.44;0.31;0;30.04.2013;06.05.2013;1
20130423;IA;46.26;53.74;35.67;6.44;0.31;0;23.04.2013;29.04.2013;1
20130416;IA;34.68;65.32;52.84;31.75;1.54;0;16.04.2013;22.04.2013;1
20130409;IA;16.83;83.17;69.84;44.49;20.65;0;09.04.2013;15.04.2013;1
20130402;IA;6.78;93.22;74.93;47.66;21.37;0.06;02.04.2013;08.04.2013;1
20130326;IA;6.78;93.22;74.93;47.66;21.37;0.06;26.03.2013;01.04.2013;1
20130319;IA;0.16;99.84;74.89;47.51;21.37;0.06;19.03.2013;25.03.2013;1
20130312;IA;0.09;99.91;74.98;47.51;21.37;0.06;12.03.2013;18.03.2013;1
20130305;IA;0;100;99.97;53.85;32.05;1.23;05.03.2013;11.03.2013;1
20130226;IA;0;100;99.99;54.35;32.05;1.23;26.02.2013;04.03.2013;1
20130219;IA;0;100;99.98;54.35;32.05;1.23;19.02.2013;25.02.2013;1
20130212;IA;0;100;99.98;54.35;32.26;1.23;12.02.2013;18.02.2013;1
20130205;IA;0;100;99.98;54.35;32.26;1.23;05.02.2013;11.02.2013;1
20130129;IA;0;100;100;58.33;32.26;1.23;29.01.2013;04.02.2013;1
20130122;IA;0;100;100;58.33;32.26;1.23;22.01.2013;28.01.2013;1
20130115;IA;0;100;100;58.33;32.26;1.23;15.01.2013;21.01.2013;1
20130108;IA;0;100;100;58.42;32.07;1.23;08.01.2013;14.01.2013;1
20130101;IA;0;100;100;58.42;32.07;1.23;01.01.2013;07.01.2013;1
20121225;IA;0;100;100;58.42;32.07;1.23;25.12.2012;31.12.2012;1
20121218;IA;0;100;100;69.1;41.79;1.23;18.12.2012;24.12.2012;1
20121211;IA;0;100;100;69.1;41.7;1.23;11.12.2012;17.12.2012;1
20121204;IA;0;100;100;69.1;41.7;1.23;04.12.2012;10.12.2012;1
20121127;IA;0;100;100;69.1;41.7;1.23;27.11.2012;03.12.2012;1
20121120;IA;0;100;100;68.65;41.7;1.23;20.11.2012;26.11.2012;1
20121113;IA;0;100;100;68.65;41.7;1.23;13.11.2012;19.11.2012;1
20121106;IA;0;100;100;90.73;49.94;2.52;06.11.2012;12.11.2012;1
20121030;IA;0;100;100;90.73;49.94;2.52;30.10.2012;05.11.2012;1
20121023;IA;0;100;100;92.59;62.94;2.52;23.10.2012;29.10.2012;1
20121016;IA;0;100;100;95.3;63.88;2.52;16.10.2012;22.10.2012;1
20121009;IA;0;100;100;100;75.31;2.52;09.10.2012;15.10.2012;1
20121002;IA;0;100;100;100;75.31;2.52;02.10.2012;08.10.2012;1
20120925;IA;0;100;100;100;65.77;2.52;25.09.2012;01.10.2012;1
20120918;IA;0;100;100;100;66.14;2.36;18.09.2012;24.09.2012;1
20120911;IA;0;100;100;100;66;2.36;11.09.2012;17.09.2012;1
20120904;IA;0;100;100;100;62.15;2.36;04.09.2012;10.09.2012;1
20120828;IA;0;100;100;100;58.3;0;28.08.2012;03.09.2012;1
20120821;IA;0;100;100;100;67.54;0;21.08.2012;27.08.2012;1
20120814;IA;0;100;100;100;62.05;0;14.08.2012;20.08.2012;1
20120807;IA;0;100;100;100;69.14;0;07.08.2012;13.08.2012;1
20120731;IA;0;100;100;100;30.74;0;31.07.2012;06.08.2012;1
20120724;IA;0;100;100;100;27.64;0;24.07.2012;30.07.2012;1
20120717;IA;0;100;100;58.77;0;0;17.07.2012;23.07.2012;1
20120710;IA;0;100;66.4;12.7;0;0;10.07.2012;16.07.2012;1
20120703;IA;17.88;82.12;44.92;0.8;0;0;03.07.2012;09.07.2012;1
20120626;IA;22.23;77.77;36.54;0;0;0;26.06.2012;02.07.2012;1
20120619;IA;23.27;76.73;31.39;0;0;0;19.06.2012;25.06.2012;1
20120612;IA;21.95;78.05;13.33;0;0;0;12.06.2012;18.06.2012;1
20120605;IA;14.93;85.07;8.05;0;0;0;05.06.2012;11.06.2012;1
20120529;IA;30.1;69.9;8.05;0;0;0;29.05.2012;04.06.2012;1
20120522;IA;17.42;82.58;14.78;0;0;0;22.05.2012;28.05.2012;1
20120515;IA;69.07;30.93;17.73;0;0;0;15.05.2012;21.05.2012;1
20120508;IA;69.07;30.93;17.73;0;0;0;08.05.2012;14.05.2012;1
20120501;IA;54.21;45.79;28.56;19.44;0;0;01.05.2012;07.05.2012;1
20120424;IA;54.6;45.4;27.57;19.11;0;0;24.04.2012;30.04.2012;1
20120417;IA;52.97;47.03;29.76;20;0;0;17.04.2012;23.04.2012;1
20120410;IA;48.3;51.7;30.75;21.73;0;0;10.04.2012;16.04.2012;1
20120403;IA;60.69;39.31;30.75;19.87;0;0;03.04.2012;09.04.2012;1
20120327;IA;60.69;39.31;30.75;19.87;0;0;27.03.2012;02.04.2012;1
20120320;IA;61.22;38.78;30.1;19.87;0;0;20.03.2012;26.03.2012;1
20120313;IA;61.22;38.78;30.1;19.87;0;0;13.03.2012;19.03.2012;1
20120306;IA;61.22;38.78;30.1;19.87;0;0;06.03.2012;12.03.2012;1
20120228;IA;61.22;38.78;30.09;24.15;0;0;28.02.2012;05.03.2012;1
20120221;IA;61.22;38.78;30.09;24.15;0;0;21.02.2012;27.02.2012;1
20120214;IA;61.22;38.78;30.09;24.15;0;0;14.02.2012;20.02.2012;1
20120207;IA;61.22;38.78;30.09;24.05;0;0;07.02.2012;13.02.2012;1
20120131;IA;60.88;39.12;30.33;24.15;0;0;31.01.2012;06.02.2012;1
20120124;IA;60.88;39.12;30.33;24.15;0;0;24.01.2012;30.01.2012;1
20120117;IA;60.88;39.12;30.33;24.15;0;0;17.01.2012;23.01.2012;1
20120110;IA;60.88;39.12;30.33;24.15;0;0;10.01.2012;16.01.2012;1
20120103;IA;60.99;39.01;30.33;24.15;0;0;03.01.2012;09.01.2012;1
20111227;IA;60.99;39.01;30.33;24.15;0;0;27.12.2011;02.01.2012;1
20111220;IA;60.99;39.01;30.33;24.15;0;0;20.12.2011;26.12.2011;1
20111213;IA;36.13;63.87;32.05;26.11;0;0;13.12.2011;19.12.2011;1
20111206;IA;36.13;63.87;32.05;26.11;0;0;06.12.2011;12.12.2011;1
20111129;IA;27.26;72.74;34.86;27.02;0;0;29.11.2011;05.12.2011;1
20111122;IA;22.2;77.8;41.83;23.87;0;0;22.11.2011;28.11.2011;1
20111115;IA;22.2;77.8;41.83;23.87;0;0;15.11.2011;21.11.2011;1
20111108;IA;13.56;86.44;68.49;19.23;0;0;08.11.2011;14.11.2011;1
20111101;IA;13.56;86.44;68.49;21.65;0;0;01.11.2011;07.11.2011;1
20111025;IA;19.72;80.28;55.63;16.92;0;0;25.10.2011;31.10.2011;1
20111018;IA;21.35;78.65;52.09;10.48;0;0;18.10.2011;24.10.2011;1
20111011;IA;14.95;85.05;57.46;14.49;0;0;11.10.2011;17.10.2011;1
20111004;IA;17.09;82.91;43.02;9.92;0;0;04.10.2011;10.10.2011;1
20110927;IA;29.04;70.96;25.98;9.92;0;0;27.09.2011;03.10.2011;1
20110920;IA;29.04;70.96;25.98;9.93;0;0;20.09.2011;26.09.2011;1
20110913;IA;29.95;70.05;25.83;9.93;0;0;13.09.2011;19.09.2011;1
20110906;IA;37.18;62.82;24.68;9.41;0;0;06.09.2011;12.09.2011;1
20110830;IA;36.73;63.27;24.71;9.41;0;0;30.08.2011;05.09.2011;1
20110823;IA;38.87;61.13;15.36;0;0;0;23.08.2011;29.08.2011;1
20110816;IA;58.03;41.97;7.8;0;0;0;16.08.2011;22.08.2011;1
20110809;IA;55.49;44.51;8.12;0;0;0;09.08.2011;15.08.2011;1
20110802;IA;55.51;44.49;0;0;0;0;02.08.2011;08.08.2011;1
20110726;IA;98.37;1.63;0;0;0;0;26.07.2011;01.08.2011;1
20110719;IA;90.3;9.7;0;0;0;0;19.07.2011;25.07.2011;1
20110712;IA;100;0;0;0;0;0;12.07.2011;18.07.2011;1
20110705;IA;100;0;0;0;0;0;05.07.2011;11.07.2011;1
20110628;IA;100;0;0;0;0;0;28.06.2011;04.07.2011;1
20110621;IA;100;0;0;0;0;0;21.06.2011;27.06.2011;1
20110614;IA;100;0;0;0;0;0;14.06.2011;20.06.2011;1
20110607;IA;100;0;0;0;0;0;07.06.2011;13.06.2011;1
20110531;IA;100;0;0;0;0;0;31.05.2011;06.06.2011;1
20110524;IA;100;0;0;0;0;0;24.05.2011;30.05.2011;1
20110517;IA;100;0;0;0;0;0;17.05.2011;23.05.2011;1
20110510;IA;100;0;0;0;0;0;10.05.2011;16.05.2011;1
20110503;IA;100;0;0;0;0;0;03.05.2011;09.05.2011;1
20110426;IA;100;0;0;0;0;0;26.04.2011;02.05.2011;1
20110419;IA;97.4;2.6;0;0;0;0;19.04.2011;25.04.2011;1
20110412;IA;86.5;13.5;0;0;0;0;12.04.2011;18.04.2011;1
20110405;IA;89.78;10.22;0;0;0;0;05.04.2011;11.04.2011;1
20110329;IA;98.25;1.75;0;0;0;0;29.03.2011;04.04.2011;1
20110322;IA;98.25;1.75;0;0;0;0;22.03.2011;28.03.2011;1
20110315;IA;100;0;0;0;0;0;15.03.2011;21.03.2011;1
20110308;IA;100;0;0;0;0;0;08.03.2011;14.03.2011;1
20110301;IA;100;0;0;0;0;0;01.03.2011;07.03.2011;1
20110222;IA;100;0;0;0;0;0;22.02.2011;28.02.2011;1
20110215;IA;100;0;0;0;0;0;15.02.2011;21.02.2011;1
20110208;IA;100;0;0;0;0;0;08.02.2011;14.02.2011;1
20110201;IA;100;0;0;0;0;0;01.02.2011;07.02.2011;1
20110125;IA;100;0;0;0;0;0;25.01.2011;31.01.2011;1
20110118;IA;100;0;0;0;0;0;18.01.2011;24.01.2011;1
20110111;IA;100;0;0;0;0;0;11.01.2011;17.01.2011;1
20110104;IA;100;0;0;0;0;0;04.01.2011;10.01.2011;1
20101228;IA;100;0;0;0;0;0;28.12.2010;03.01.2011;1
20101221;IA;100;0;0;0;0;0;21.12.2010;27.12.2010;1
20101214;IA;100;0;0;0;0;0;14.12.2010;20.12.2010;1
20101207;IA;100;0;0;0;0;0;07.12.2010;13.12.2010;1
20101130;IA;100;0;0;0;0;0;30.11.2010;06.12.2010;1
20101123;IA;100;0;0;0;0;0;23.11.2010;29.11.2010;1
20101116;IA;100;0;0;0;0;0;16.11.2010;22.11.2010;1
20101109;IA;100;0;0;0;0;0;09.11.2010;15.11.2010;1
20101102;IA;100;0;0;0;0;0;02.11.2010;08.11.2010;1
20101026;IA;100;0;0;0;0;0;26.10.2010;01.11.2010;1
20101019;IA;100;0;0;0;0;0;19.10.2010;25.10.2010;1
20101012;IA;100;0;0;0;0;0;12.10.2010;18.10.2010;1
20101005;IA;100;0;0;0;0;0;05.10.2010;11.10.2010;1
20100928;IA;100;0;0;0;0;0;28.09.2010;04.10.2010;1
20100921;IA;100;0;0;0;0;0;21.09.2010;27.09.2010;1
20100914;IA;100;0;0;0;0;0;14.09.2010;20.09.2010;1
20100907;IA;100;0;0;0;0;0;07.09.2010;13.09.2010;1
20100831;IA;100;0;0;0;0;0;31.08.2010;06.09.2010;1
20100824;IA;100;0;0;0;0;0;24.08.2010;30.08.2010;1
20100817;IA;100;0;0;0;0;0;17.08.2010;23.08.2010;1
20100810;IA;100;0;0;0;0;0;10.08.2010;16.08.2010;1
20100803;IA;100;0;0;0;0;0;03.08.2010;09.08.2010;1
20100727;IA;100;0;0;0;0;0;27.07.2010;02.08.2010;1
20100720;IA;100;0;0;0;0;0;20.07.2010;26.07.2010;1
20100713;IA;100;0;0;0;0;0;13.07.2010;19.07.2010;1
20100706;IA;100;0;0;0;0;0;06.07.2010;12.07.2010;1
20100629;IA;100;0;0;0;0;0;29.06.2010;05.07.2010;1
20100622;IA;100;0;0;0;0;0;22.06.2010;28.06.2010;1
20100615;IA;100;0;0;0;0;0;15.06.2010;21.06.2010;1
20100608;IA;100;0;0;0;0;0;08.06.2010;14.06.2010;1
20100601;IA;100;0;0;0;0;0;01.06.2010;07.06.2010;1
20100525;IA;100;0;0;0;0;0;25.05.2010;31.05.2010;1
20100518;IA;100;0;0;0;0;0;18.05.2010;24.05.2010;1
20100511;IA;100;0;0;0;0;0;11.05.2010;17.05.2010;1
20100504;IA;100;0;0;0;0;0;04.05.2010;10.05.2010;1
20100427;IA;100;0;0;0;0;0;27.04.2010;03.05.2010;1
20100420;IA;100;0;0;0;0;0;20.04.2010;26.04.2010;1
20100413;IA;100;0;0;0;0;0;13.04.2010;19.04.2010;1
20100406;IA;100;0;0;0;0;0;06.04.2010;12.04.2010;1
20100330;IA;100;0;0;0;0;0;30.03.2010;05.04.2010;1
20100323;IA;100;0;0;0;0;0;23.03.2010;29.03.2010;1
20100316;IA;100;0;0;0;0;0;16.03.2010;22.03.2010;1
20100309;IA;100;0;0;0;0;0;09.03.2010;15.03.2010;1
20100302;IA;100;0;0;0;0;0;02.03.2010;08.03.2010;1
20100223;IA;100;0;0;0;0;0;23.02.2010;01.03.2010;1
20100216;IA;100;0;0;0;0;0;16.02.2010;22.02.2010;1
20100209;IA;100;0;0;0;0;0;09.02.2010;15.02.2010;1
20100202;IA;100;0;0;0;0;0;02.02.2010;08.02.2010;1
20100126;IA;100;0;0;0;0;0;26.01.2010;01.02.2010;1
20100119;IA;100;0;0;0;0;0;19.01.2010;25.01.2010;1
20100112;IA;100;0;0;0;0;0;12.01.2010;18.01.2010;1
20100105;IA;100;0;0;0;0;0;05.01.2010;11.01.2010;1
20091229;IA;100;0;0;0;0;0;29.12.2009;04.01.2010;1
20091222;IA;100;0;0;0;0;0;22.12.2009;28.12.2009;1
20091215;IA;100;0;0;0;0;0;15.12.2009;21.12.2009;1
20091208;IA;100;0;0;0;0;0;08.12.2009;14.12.2009;1
20091201;IA;100;0;0;0;0;0;01.12.2009;07.12.2009;1
20091124;IA;100;0;0;0;0;0;24.11.2009;30.11.2009;1
20091117;IA;100;0;0;0;0;0;17.11.2009;23.11.2009;1
20091110;IA;100;0;0;0;0;0;10.11.2009;16.11.2009;1
20091103;IA;100;0;0;0;0;0;03.11.2009;09.11.2009;1
20091027;IA;100;0;0;0;0;0;27.10.2009;02.11.2009;1
20091020;IA;97.14;2.86;0;0;0;0;20.10.2009;26.10.2009;1
20091013;IA;97.14;2.86;0;0;0;0;13.10.2009;19.10.2009;1
20091006;IA;89.72;10.28;0;0;0;0;06.10.2009;12.10.2009;1
20090929;IA;80.74;19.26;0.05;0;0;0;29.09.2009;05.10.2009;1
20090922;IA;74.24;25.76;0.92;0;0;0;22.09.2009;28.09.2009;1
20090915;IA;77.52;22.48;0;0;0;0;15.09.2009;21.09.2009;1
20090908;IA;77.52;22.48;0;0;0;0;08.09.2009;14.09.2009;1
20090901;IA;97.01;2.99;0;0;0;0;01.09.2009;07.09.2009;1
20090825;IA;97.01;2.99;0;0;0;0;25.08.2009;31.08.2009;1
20090818;IA;94.5;5.5;0;0;0;0;18.08.2009;24.08.2009;1
20090811;IA;98.14;1.86;0;0;0;0;11.08.2009;17.08.2009;1
20090804;IA;100;0;0;0;0;0;04.08.2009;10.08.2009;1
20090728;IA;100;0;0;0;0;0;28.07.2009;03.08.2009;1
20090721;IA;100;0;0;0;0;0;21.07.2009;27.07.2009;1
20090714;IA;100;0;0;0;0;0;14.07.2009;20.07.2009;1
20090707;IA;100;0;0;0;0;0;07.07.2009;13.07.2009;1
20090630;IA;100;0;0;0;0;0;30.06.2009;06.07.2009;1
20090623;IA;100;0;0;0;0;0;23.06.2009;29.06.2009;1
20090616;IA;99.8;0.2;0;0;0;0;16.06.2009;22.06.2009;1
20090609;IA;89.72;10.28;0;0;0;0;09.06.2009;15.06.2009;1
20090602;IA;85.53;14.47;0;0;0;0;02.06.2009;08.06.2009;1
20090526;IA;100;0;0;0;0;0;26.05.2009;01.06.2009;1
20090519;IA;100;0;0;0;0;0;19.05.2009;25.05.2009;1
20090512;IA;100;0;0;0;0;0;12.05.2009;18.05.2009;1
20090505;IA;98.87;1.13;0;0;0;0;05.05.2009;11.05.2009;1
20090428;IA;98.87;1.13;0;0;0;0;28.04.2009;04.05.2009;1
20090421;IA;95.34;4.66;0.02;0;0;0;21.04.2009;27.04.2009;1
20090414;IA;95.34;4.66;0.02;0;0;0;14.04.2009;20.04.2009;1
20090407;IA;99.62;0.38;0;0;0;0;07.04.2009;13.04.2009;1
20090331;IA;99.62;0.38;0;0;0;0;31.03.2009;06.04.2009;1
20090324;IA;99.62;0.38;0;0;0;0;24.03.2009;30.03.2009;1
20090317;IA;99.52;0.48;0;0;0;0;17.03.2009;23.03.2009;1
20090310;IA;99.52;0.48;0;0;0;0;10.03.2009;16.03.2009;1
20090303;IA;99.52;0.48;0;0;0;0;03.03.2009;09.03.2009;1
20090224;IA;96.95;3.05;0;0;0;0;24.02.2009;02.03.2009;1
20090217;IA;96.95;3.05;0;0;0;0;17.02.2009;23.02.2009;1
20090210;IA;96.95;3.05;0;0;0;0;10.02.2009;16.02.2009;1
20090203;IA;96.95;3.05;0;0;0;0;03.02.2009;09.02.2009;1
20090127;IA;96.95;3.05;0;0;0;0;27.01.2009;02.02.2009;1
20090120;IA;96.95;3.05;0;0;0;0;20.01.2009;26.01.2009;1
20090113;IA;96.95;3.05;0;0;0;0;13.01.2009;19.01.2009;1
20090106;IA;96.95;3.05;0;0;0;0;06.01.2009;12.01.2009;1
20081230;IA;96.95;3.05;0;0;0;0;30.12.2008;05.01.2009;1
20081223;IA;96.95;3.05;0;0;0;0;23.12.2008;29.12.2008;1
20081216;IA;92.58;7.42;1.86;0;0;0;16.12.2008;22.12.2008;1
20081209;IA;92.58;7.42;1.86;0;0;0;09.12.2008;15.12.2008;1
20081202;IA;92.58;7.42;1.86;0;0;0;02.12.2008;08.12.2008;1
20081125;IA;92.58;7.42;1.86;0;0;0;25.11.2008;01.12.2008;1
20081118;IA;92.58;7.42;1.86;0;0;0;18.11.2008;24.11.2008;1
20081111;IA;91.17;8.83;2.48;0;0;0;11.11.2008;17.11.2008;1
20081104;IA;92.91;7.09;1.66;0;0;0;04.11.2008;10.11.2008;1
20081028;IA;92.91;7.09;1.66;0;0;0;28.10.2008;03.11.2008;1
20081021;IA;90.75;9.25;2.23;0;0;0;21.10.2008;27.10.2008;1
20081014;IA;90.79;9.21;2.2;0;0;0;14.10.2008;20.10.2008;1
20081007;IA;74.66;25.34;2.94;0;0;0;07.10.2008;13.10.2008;1
20080930;IA;74.66;25.34;2.94;0;0;0;30.09.2008;06.10.2008;1
20080923;IA;74.66;25.34;2.48;0;0;0;23.09.2008;29.09.2008;1
20080916;IA;89.53;10.47;0;0;0;0;16.09.2008;22.09.2008;1
20080909;IA;82.62;17.38;3.27;0;0;0;09.09.2008;15.09.2008;1
20080902;IA;82.34;17.66;3.27;0;0;0;02.09.2008;08.09.2008;1
20080826;IA;82.93;17.07;0.43;0;0;0;26.08.2008;01.09.2008;1
20080819;IA;94.8;5.2;0;0;0;0;19.08.2008;25.08.2008;1
20080812;IA;100;0;0;0;0;0;12.08.2008;18.08.2008;1
20080805;IA;100;0;0;0;0;0;05.08.2008;11.08.2008;1
20080729;IA;100;0;0;0;0;0;29.07.2008;04.08.2008;1
20080722;IA;100;0;0;0;0;0;22.07.2008;28.07.2008;1
20080715;IA;100;0;0;0;0;0;15.07.2008;21.07.2008;1
20080708;IA;100;0;0;0;0;0;08.07.2008;14.07.2008;1
20080701;IA;100;0;0;0;0;0;01.07.2008;07.07.2008;1
20080624;IA;100;0;0;0;0;0;24.06.2008;30.06.2008;1
20080617;IA;100;0;0;0;0;0;17.06.2008;23.06.2008;1
20080610;IA;100;0;0;0;0;0;10.06.2008;16.06.2008;1
20080603;IA;100;0;0;0;0;0;03.06.2008;09.06.2008;1
20080527;IA;100;0;0;0;0;0;27.05.2008;02.06.2008;1
20080520;IA;100;0;0;0;0;0;20.05.2008;26.05.2008;1
20080513;IA;100;0;0;0;0;0;13.05.2008;19.05.2008;1
20080506;IA;100;0;0;0;0;0;06.05.2008;12.05.2008;1
20080429;IA;100;0;0;0;0;0;29.04.2008;05.05.2008;1
20080422;IA;100;0;0;0;0;0;22.04.2008;28.04.2008;1
20080415;IA;100;0;0;0;0;0;15.04.2008;21.04.2008;1
20080408;IA;100;0;0;0;0;0;08.04.2008;14.04.2008;1
20080401;IA;100;0;0;0;0;0;01.04.2008;07.04.2008;1
20080325;IA;100;0;0;0;0;0;25.03.2008;31.03.2008;1
20080318;IA;100;0;0;0;0;0;18.03.2008;24.03.2008;1
20080311;IA;100;0;0;0;0;0;11.03.2008;17.03.2008;1
20080304;IA;100;0;0;0;0;0;04.03.2008;10.03.2008;1
20080226;IA;100;0;0;0;0;0;26.02.2008;03.03.2008;1
20080219;IA;100;0;0;0;0;0;19.02.2008;25.02.2008;1
20080212;IA;100;0;0;0;0;0;12.02.2008;18.02.2008;1
20080205;IA;100;0;0;0;0;0;05.02.2008;11.02.2008;1
20080129;IA;100;0;0;0;0;0;29.01.2008;04.02.2008;1
20080122;IA;100;0;0;0;0;0;22.01.2008;28.01.2008;1
20080115;IA;100;0;0;0;0;0;15.01.2008;21.01.2008;1
20080108;IA;100;0;0;0;0;0;08.01.2008;14.01.2008;1
20080101;IA;100;0;0;0;0;0;01.01.2008;07.01.2008;1
20071225;IA;100;0;0;0;0;0;25.12.2007;31.12.2007;1
20071218;IA;100;0;0;0;0;0;18.12.2007;24.12.2007;1
20071211;IA;100;0;0;0;0;0;11.12.2007;17.12.2007;1
20071204;IA;100;0;0;0;0;0;04.12.2007;10.12.2007;1
20071127;IA;100;0;0;0;0;0;27.11.2007;03.12.2007;1
20071120;IA;100;0;0;0;0;0;20.11.2007;26.11.2007;1
20071113;IA;100;0;0;0;0;0;13.11.2007;19.11.2007;1
20071106;IA;100;0;0;0;0;0;06.11.2007;12.11.2007;1
20071030;IA;100;0;0;0;0;0;30.10.2007;05.11.2007;1
20071023;IA;100;0;0;0;0;0;23.10.2007;29.10.2007;1
20071016;IA;99.93;0.07;0;0;0;0;16.10.2007;22.10.2007;1
20071009;IA;99.93;0.07;0;0;0;0;09.10.2007;15.10.2007;1
20071002;IA;99.93;0.07;0;0;0;0;02.10.2007;08.10.2007;1
20070925;IA;99.93;0.07;0;0;0;0;25.09.2007;01.10.2007;1
20070918;IA;100;0;0;0;0;0;18.09.2007;24.09.2007;1
20070911;IA;99.62;0.38;0;0;0;0;11.09.2007;17.09.2007;1
20070904;IA;99.62;0.38;0;0;0;0;04.09.2007;10.09.2007;1
20070828;IA;97.78;2.22;0.21;0;0;0;28.08.2007;03.09.2007;1
20070821;IA;69.09;30.91;10.71;2.41;0;0;21.08.2007;27.08.2007;1
20070814;IA;39.57;60.43;16.41;6.49;0;0;14.08.2007;20.08.2007;1
20070807;IA;38.21;61.79;22.45;3;0;0;07.08.2007;13.08.2007;1
20070731;IA;32.85;67.15;27.72;3.51;0;0;31.07.2007;06.08.2007;1
20070724;IA;29.64;70.36;27.24;1.24;0;0;24.07.2007;30.07.2007;1
20070717;IA;33.13;66.87;27.24;0;0;0;17.07.2007;23.07.2007;1
20070710;IA;47.02;52.98;15.14;0;0;0;10.07.2007;16.07.2007;1
20070703;IA;72.75;27.25;0;0;0;0;03.07.2007;09.07.2007;1
20070626;IA;97.02;2.98;0;0;0;0;26.06.2007;02.07.2007;1
20070619;IA;99.93;0.07;0;0;0;0;19.06.2007;25.06.2007;1
20070612;IA;100;0;0;0;0;0;12.06.2007;18.06.2007;1
20070605;IA;100;0;0;0;0;0;05.06.2007;11.06.2007;1
20070529;IA;100;0;0;0;0;0;29.05.2007;04.06.2007;1
20070522;IA;100;0;0;0;0;0;22.05.2007;28.05.2007;1
20070515;IA;100;0;0;0;0;0;15.05.2007;21.05.2007;1
20070508;IA;100;0;0;0;0;0;08.05.2007;14.05.2007;1
20070501;IA;100;0;0;0;0;0;01.05.2007;07.05.2007;1
20070424;IA;100;0;0;0;0;0;24.04.2007;30.04.2007;1
20070417;IA;100;0;0;0;0;0;17.04.2007;23.04.2007;1
20070410;IA;100;0;0;0;0;0;10.04.2007;16.04.2007;1
20070403;IA;100;0;0;0;0;0;03.04.2007;09.04.2007;1
20070327;IA;100;0;0;0;0;0;27.03.2007;02.04.2007;1
20070320;IA;100;0;0;0;0;0;20.03.2007;26.03.2007;1
20070313;IA;100;0;0;0;0;0;13.03.2007;19.03.2007;1
20070306;IA;100;0;0;0;0;0;06.03.2007;12.03.2007;1
20070227;IA;100;0;0;0;0;0;27.02.2007;05.03.2007;1
20070220;IA;85.05;14.95;0;0;0;0;20.02.2007;26.02.2007;1
20070213;IA;85.05;14.95;0;0;0;0;13.02.2007;19.02.2007;1
20070206;IA;85.05;14.95;0;0;0;0;06.02.2007;12.02.2007;1
20070130;IA;85.05;14.95;0;0;0;0;30.01.2007;05.02.2007;1
20070123;IA;85.05;14.95;0;0;0;0;23.01.2007;29.01.2007;1
20070116;IA;65.04;34.96;4.4;0;0;0;16.01.2007;22.01.2007;1
20070109;IA;65.04;34.96;4.4;0;0;0;09.01.2007;15.01.2007;1
20070102;IA;64.91;35.09;4.4;0;0;0;02.01.2007;08.01.2007;1
20061226;IA;54.22;45.78;4.4;0;0;0;26.12.2006;01.01.2007;1
20061219;IA;54.22;45.78;4.4;0;0;0;19.12.2006;25.12.2006;1
20061212;IA;66.19;33.81;0;0;0;0;12.12.2006;18.12.2006;1
20061205;IA;69.46;30.54;0;0;0;0;05.12.2006;11.12.2006;1
20061128;IA;72.43;27.57;5.57;0;0;0;28.11.2006;04.12.2006;1
20061121;IA;72.41;27.59;5.6;0;0;0;21.11.2006;27.11.2006;1
20061114;IA;72.45;27.55;5.48;0;0;0;14.11.2006;20.11.2006;1
20061107;IA;76.01;23.99;5.48;0;0;0;07.11.2006;13.11.2006;1
20061031;IA;76.01;23.99;5.48;0;0;0;31.10.2006;06.11.2006;1
20061024;IA;75.74;24.26;5.91;0;0;0;24.10.2006;30.10.2006;1
20061017;IA;75.74;24.26;5.91;0;0;0;17.10.2006;23.10.2006;1
20061010;IA;75.74;24.26;5.91;0;0;0;10.10.2006;16.10.2006;1
20061003;IA;75.7;24.3;4.13;0;0;0;03.10.2006;09.10.2006;1
20060926;IA;75.54;24.46;4.13;0;0;0;26.09.2006;02.10.2006;1
20060919;IA;63.65;36.35;4.13;0;0;0;19.09.2006;25.09.2006;1
20060912;IA;61.69;38.31;13.19;0;0;0;12.09.2006;18.09.2006;1
20060905;IA;48.78;51.22;14.77;0;0;0;05.09.2006;11.09.2006;1
20060829;IA;48.93;51.07;15.1;0;0;0;29.08.2006;04.09.2006;1
20060822;IA;43.93;56.07;19.38;0;0;0;22.08.2006;28.08.2006;1
20060815;IA;31.32;68.68;36.48;0.01;0;0;15.08.2006;21.08.2006;1
20060808;IA;23.07;76.93;46.62;8.23;0;0;08.08.2006;14.08.2006;1
20060801;IA;19.55;80.45;57.27;25.92;0;0;01.08.2006;07.08.2006;1
20060725;IA;15.21;84.79;64.39;23.56;0;0;25.07.2006;31.07.2006;1
20060718;IA;12.64;87.36;64.22;15.59;0;0;18.07.2006;24.07.2006;1
20060711;IA;14.17;85.83;40.76;0;0;0;11.07.2006;17.07.2006;1
20060704;IA;22.64;77.36;49.51;0;0;0;04.07.2006;10.07.2006;1
20060627;IA;26.76;73.24;45.76;0;0;0;27.06.2006;03.07.2006;1
20060620;IA;22.18;77.82;31.5;0;0;0;20.06.2006;26.06.2006;1
20060613;IA;22.23;77.77;18.36;0;0;0;13.06.2006;19.06.2006;1
20060606;IA;70.48;29.52;3.7;0;0;0;06.06.2006;12.06.2006;1
20060530;IA;69.99;30.01;5.01;0;0;0;30.05.2006;05.06.2006;1
20060523;IA;58.96;41.04;5.01;0;0;0;23.05.2006;29.05.2006;1
20060516;IA;59.84;40.16;3.46;0;0;0;16.05.2006;22.05.2006;1
20060509;IA;59.84;40.16;1.91;0;0;0;09.05.2006;15.05.2006;1
20060502;IA;57.44;42.56;1.9;0;0;0;02.05.2006;08.05.2006;1
20060425;IA;57.54;42.46;17.91;0;0;0;25.04.2006;01.05.2006;1
20060418;IA;54.53;45.47;17.55;0;0;0;18.04.2006;24.04.2006;1
20060411;IA;44.11;55.89;23.1;0;0;0;11.04.2006;17.04.2006;1
20060404;IA;43.97;56.03;28.98;0;0;0;04.04.2006;10.04.2006;1
20060328;IA;26.92;73.08;58.46;38.32;0;0;28.03.2006;03.04.2006;1
20060321;IA;27.3;72.7;58.46;38.32;0;0;21.03.2006;27.03.2006;1
20060314;IA;27.3;72.7;58.42;38.32;0;0;14.03.2006;20.03.2006;1
20060307;IA;27.73;72.27;64.09;32.9;0;0;07.03.2006;13.03.2006;1
20060228;IA;26.95;73.05;64.66;32.9;0;0;28.02.2006;06.03.2006;1
20060221;IA;26.95;73.05;62.08;30.19;0;0;21.02.2006;27.02.2006;1
20060214;IA;26.49;73.51;62.25;30.22;0;0;14.02.2006;20.02.2006;1
20060207;IA;26.49;73.51;62.25;30.22;0;0;07.02.2006;13.02.2006;1
20060131;IA;26.49;73.51;60.75;29.06;0;0;31.01.2006;06.02.2006;1
20060124;IA;26.49;73.51;60.77;32.72;7.69;0;24.01.2006;30.01.2006;1
20060117;IA;26.49;73.51;60.77;32.72;7.69;0;17.01.2006;23.01.2006;1
20060110;IA;25.22;74.78;57.12;32.72;7.79;0;10.01.2006;16.01.2006;1
20060103;IA;25.22;74.78;58.9;32.72;8.08;0;03.01.2006;09.01.2006;1
20051227;IA;25.37;74.63;58.9;32.72;8.08;0;27.12.2005;02.01.2006;1
20250422;IL;67.49;32.51;6;0;0;0;22.04.2025;28.04.2025;1
20250415;IL;65.52;34.48;6.9;0;0;0;15.04.2025;21.04.2025;1
20250408;IL;64.45;35.55;6.81;0;0;0;08.04.2025;14.04.2025;1
20250401;IL;34.36;65.64;25.08;1.88;0;0;01.04.2025;07.04.2025;1
20250325;IL;34.35;65.65;25.38;1.88;0;0;25.03.2025;31.03.2025;1
20250318;IL;26.14;73.86;28.53;2.55;0;0;18.03.2025;24.03.2025;1
20250311;IL;22.82;77.18;34.8;2.53;0;0;11.03.2025;17.03.2025;1
20250304;IL;22.51;77.49;56.02;1.49;0;0;04.03.2025;10.03.2025;1
20250225;IL;23.21;76.79;38.22;0;0;0;25.02.2025;03.03.2025;1
20250218;IL;29.48;70.52;15.51;0;0;0;18.02.2025;24.02.2025;1
20250211;IL;26.56;73.44;15.09;0;0;0;11.02.2025;17.02.2025;1
20250204;IL;52.55;47.45;15.09;0;0;0;04.02.2025;10.02.2025;1
20250128;IL;64.88;35.12;14.85;0;0;0;28.01.2025;03.02.2025;1
20250121;IL;64.88;35.12;14.85;0;0;0;21.01.2025;27.01.2025;1
20250114;IL;60.06;39.94;14.85;0;0;0;14.01.2025;20.01.2025;1
20250107;IL;54.08;45.92;14.85;0;0;0;07.01.2025;13.01.2025;1
20241231;IL;40.79;59.21;20.41;0;0;0;31.12.2024;06.01.2025;1
20241224;IL;29.45;70.55;38.74;0;0;0;24.12.2024;30.12.2024;1
20241217;IL;29.45;70.55;38.74;0;0;0;17.12.2024;23.12.2024;1
20241210;IL;21.56;78.44;43.93;0;0;0;10.12.2024;16.12.2024;1
20241203;IL;33.93;66.07;26.16;0;0;0;03.12.2024;09.12.2024;1
20241126;IL;35.62;64.38;19.18;0;0;0;26.11.2024;02.12.2024;1
20241119;IL;32.5;67.5;43.32;2.59;0;0;19.11.2024;25.11.2024;1
20241112;IL;16.32;83.68;46.1;3.94;0;0;12.11.2024;18.11.2024;1
20241105;IL;1.8;98.2;62.41;20.07;0;0;05.11.2024;11.11.2024;1
20241029;IL;0;100;73.08;22.34;0;0;29.10.2024;04.11.2024;1
20241022;IL;15.71;84.29;67.28;5.57;0;0;22.10.2024;28.10.2024;1
20241015;IL;30.9;69.1;37.71;3.74;0;0;15.10.2024;21.10.2024;1
20241008;IL;30.9;69.1;26.6;0;0;0;08.10.2024;14.10.2024;1
20241001;IL;30;70;12.06;0;0;0;01.10.2024;07.10.2024;1
20240924;IL;7.19;92.81;21.03;0.87;0;0;24.09.2024;30.09.2024;1
20240917;IL;0;100;45.03;1.24;0;0;17.09.2024;23.09.2024;1
20240910;IL;23.03;76.97;19.85;0.9;0;0;10.09.2024;16.09.2024;1
20240903;IL;41.95;58.05;5.53;0;0;0;03.09.2024;09.09.2024;1
20240827;IL;71.24;28.76;0;0;0;0;27.08.2024;02.09.2024;1
20240820;IL;90.6;9.4;0;0;0;0;20.08.2024;26.08.2024;1
20240813;IL;95.39;4.61;0;0;0;0;13.08.2024;19.08.2024;1
20240806;IL;98.19;1.81;0;0;0;0;06.08.2024;12.08.2024;1
20240730;IL;97.41;2.59;0;0;0;0;30.07.2024;05.08.2024;1
20240723;IL;97.41;2.59;0;0;0;0;23.07.2024;29.07.2024;1
20240716;IL;93.38;6.62;0;0;0;0;16.07.2024;22.07.2024;1
20240709;IL;53.68;46.32;6.65;0;0;0;09.07.2024;15.07.2024;1
20240702;IL;41.7;58.3;12.2;0;0;0;02.07.2024;08.07.2024;1
20240625;IL;45.64;54.36;2.4;0;0;0;25.06.2024;01.07.2024;1
20240618;IL;56.1;43.9;0.71;0;0;0;18.06.2024;24.06.2024;1
20240611;IL;85.79;14.21;0;0;0;0;11.06.2024;17.06.2024;1
20240604;IL;95.03;4.97;0;0;0;0;04.06.2024;10.06.2024;1
20240528;IL;100;0;0;0;0;0;28.05.2024;03.06.2024;1
20240521;IL;100;0;0;0;0;0;21.05.2024;27.05.2024;1
20240514;IL;96.75;3.25;0;0;0;0;14.05.2024;20.05.2024;1
20240507;IL;90.18;9.82;3.25;0;0;0;07.05.2024;13.05.2024;1
20240430;IL;90.05;9.95;4.16;0;0;0;30.04.2024;06.05.2024;1
20240423;IL;88.27;11.73;5.93;0;0;0;23.04.2024;29.04.2024;1
20240416;IL;80.66;19.34;6.92;0;0;0;16.04.2024;22.04.2024;1
20240409;IL;80.78;19.22;12.23;0;0;0;09.04.2024;15.04.2024;1
20240402;IL;67.44;32.56;13.47;0;0;0;02.04.2024;08.04.2024;1
20240326;IL;54.36;45.64;9.52;0;0;0;26.03.2024;01.04.2024;1
20240319;IL;53.34;46.66;17.91;0;0;0;19.03.2024;25.03.2024;1
20240312;IL;44.34;55.66;21.66;0;0;0;12.03.2024;18.03.2024;1
20240305;IL;27.06;72.94;21.66;0;0;0;05.03.2024;11.03.2024;1
20240227;IL;19.07;80.93;7.37;0;0;0;27.02.2024;04.03.2024;1
20240220;IL;75.1;24.9;0;0;0;0;20.02.2024;26.02.2024;1
20240213;IL;80.17;19.83;0;0;0;0;13.02.2024;19.02.2024;1
20240206;IL;82.77;17.23;0;0;0;0;06.02.2024;12.02.2024;1
20240130;IL;82.74;17.26;0;0;0;0;30.01.2024;05.02.2024;1
20240123;IL;62.18;37.82;18.11;0;0;0;23.01.2024;29.01.2024;1
20240116;IL;61.54;38.46;18.11;0;0;0;16.01.2024;22.01.2024;1
20240109;IL;48.2;51.8;36.87;17.24;0;0;09.01.2024;15.01.2024;1
20240102;IL;48.2;51.8;36.87;19.46;0;0;02.01.2024;08.01.2024;1
20231226;IL;46.03;53.97;38.1;19.42;0;0;26.12.2023;01.01.2024;1
20231219;IL;40;60;38.18;16.05;0;0;19.12.2023;25.12.2023;1
20231212;IL;36.73;63.27;37.58;16.05;0;0;12.12.2023;18.12.2023;1
20231205;IL;31.05;68.95;37.5;7.19;0;0;05.12.2023;11.12.2023;1
20231128;IL;22.42;77.58;39.33;6.35;0;0;28.11.2023;04.12.2023;1
20231121;IL;26.37;73.63;30.24;2.28;0;0;21.11.2023;27.11.2023;1
20231114;IL;44.73;55.27;19.59;0;0;0;14.11.2023;20.11.2023;1
20231107;IL;60.49;39.51;8.55;0;0;0;07.11.2023;13.11.2023;1
20231031;IL;64.88;35.12;7.14;0;0;0;31.10.2023;06.11.2023;1
20231024;IL;34.99;65.01;17.69;0.08;0;0;24.10.2023;30.10.2023;1
20231017;IL;32.95;67.05;12.99;0.08;0;0;17.10.2023;23.10.2023;1
20231010;IL;28.51;71.49;21.14;1.1;0;0;10.10.2023;16.10.2023;1
20231003;IL;17.73;82.27;22.61;1.1;0;0;03.10.2023;09.10.2023;1
20230926;IL;17.46;82.54;21.52;1.03;0;0;26.09.2023;02.10.2023;1
20230919;IL;14.73;85.27;28.65;2.02;0.17;0;19.09.2023;25.09.2023;1
20230912;IL;19.73;80.27;21.19;2.02;0.17;0;12.09.2023;18.09.2023;1
20230905;IL;28.39;71.61;20.43;2.02;0.17;0;05.09.2023;11.09.2023;1
20230829;IL;42.76;57.24;15.5;0.6;0;0;29.08.2023;04.09.2023;1
20230822;IL;28.48;71.52;15.43;0.31;0;0;22.08.2023;28.08.2023;1
20230815;IL;28.47;71.53;14.72;0.31;0;0;15.08.2023;21.08.2023;1
20230808;IL;14.57;85.43;27.35;1.96;0.15;0;08.08.2023;14.08.2023;1
20230801;IL;4.85;95.15;57.95;12.79;0.15;0;01.08.2023;07.08.2023;1
20230725;IL;3.74;96.26;65.64;14.63;0.15;0;25.07.2023;31.07.2023;1
20230718;IL;4.18;95.82;66.29;13.07;0.15;0;18.07.2023;24.07.2023;1
20230711;IL;2.1;97.9;83.21;34.45;0.15;0;11.07.2023;17.07.2023;1
20230704;IL;2.1;97.9;84.89;45.67;0.3;0;04.07.2023;10.07.2023;1
20230627;IL;0;100;92.73;58.73;1.1;0;27.06.2023;03.07.2023;1
20230620;IL;0;100;82.02;30.67;0;0;20.06.2023;26.06.2023;1
20230613;IL;0.88;99.12;64.99;14.68;0;0;13.06.2023;19.06.2023;1
20230606;IL;2.26;97.74;50.11;1.08;0;0;06.06.2023;12.06.2023;1
20230530;IL;24.45;75.55;30.75;0.13;0;0;30.05.2023;05.06.2023;1
20230523;IL;52.03;47.97;2.2;0;0;0;23.05.2023;29.05.2023;1
20230516;IL;73.68;26.32;1.1;0;0;0;16.05.2023;22.05.2023;1
20230509;IL;67.23;32.77;2.48;0;0;0;09.05.2023;15.05.2023;1
20230502;IL;50.72;49.28;2.16;0;0;0;02.05.2023;08.05.2023;1
20230425;IL;96.47;3.53;0;0;0;0;25.04.2023;01.05.2023;1
20230418;IL;100;0;0;0;0;0;18.04.2023;24.04.2023;1
20230411;IL;100;0;0;0;0;0;11.04.2023;17.04.2023;1
20230404;IL;100;0;0;0;0;0;04.04.2023;10.04.2023;1
20230328;IL;100;0;0;0;0;0;28.03.2023;03.04.2023;1
20230321;IL;100;0;0;0;0;0;21.03.2023;27.03.2023;1
20230314;IL;100;0;0;0;0;0;14.03.2023;20.03.2023;1
20230307;IL;100;0;0;0;0;0;07.03.2023;13.03.2023;1
20230228;IL;100;0;0;0;0;0;28.02.2023;06.03.2023;1
20230221;IL;91.42;8.58;0;0;0;0;21.02.2023;27.02.2023;1
20230214;IL;91.42;8.58;0;0;0;0;14.02.2023;20.02.2023;1
20230207;IL;76.75;23.25;0;0;0;0;07.02.2023;13.02.2023;1
20230131;IL;79.6;20.4;0;0;0;0;31.01.2023;06.02.2023;1
20230124;IL;58.9;41.1;1.19;0;0;0;24.01.2023;30.01.2023;1
20230117;IL;31.86;68.14;3.46;0;0;0;17.01.2023;23.01.2023;1
20230110;IL;41.82;58.18;3.46;0;0;0;10.01.2023;16.01.2023;1
20230103;IL;35.34;64.66;3.98;0;0;0;03.01.2023;09.01.2023;1
20221227;IL;22.75;77.25;36.04;1.25;0;0;27.12.2022;02.01.2023;1
20221220;IL;22.82;77.18;34.28;1.25;0;0;20.12.2022;26.12.2022;1
20221213;IL;14.41;85.59;46.21;7.26;1.25;0;13.12.2022;19.12.2022;1
20221206;IL;14.41;85.59;46.21;7.26;1.25;0;06.12.2022;12.12.2022;1
20221129;IL;18.85;81.15;39.72;7.26;1.25;0;29.11.2022;05.12.2022;1
20221122;IL;18.74;81.26;36.01;7.26;1.25;0;22.11.2022;28.11.2022;1
20221115;IL;22.59;77.41;32.79;7.14;1.25;0;15.11.2022;21.11.2022;1
20221108;IL;25.04;74.96;25.76;6.89;1.23;0;08.11.2022;14.11.2022;1
20221101;IL;20.97;79.03;28.45;6.82;1.67;0;01.11.2022;07.11.2022;1
20221025;IL;9.57;90.43;37.84;6.82;1.67;0;25.10.2022;31.10.2022;1
20221018;IL;24.23;75.77;23.84;4.04;0;0;18.10.2022;24.10.2022;1
20221011;IL;36.45;63.55;18.23;2.56;0;0;11.10.2022;17.10.2022;1
20221004;IL;53.09;46.91;9.49;1;0;0;04.10.2022;10.10.2022;1
20220927;IL;65.33;34.67;8.15;0;0;0;27.09.2022;03.10.2022;1
20220920;IL;71.15;28.85;4.84;0;0;0;20.09.2022;26.09.2022;1
20220913;IL;71.1;28.9;7.82;0.81;0;0;13.09.2022;19.09.2022;1
20220906;IL;70.44;29.56;7.1;0.24;0;0;06.09.2022;12.09.2022;1
20220830;IL;77.23;22.77;5.29;0;0;0;30.08.2022;05.09.2022;1
20220823;IL;75.77;24.23;6.69;0.53;0;0;23.08.2022;29.08.2022;1
20220816;IL;70.47;29.53;5.2;0.53;0;0;16.08.2022;22.08.2022;1
20220809;IL;77.23;22.77;4.89;0.57;0;0;09.08.2022;15.08.2022;1
20220802;IL;75.23;24.77;5.47;1.83;0;0;02.08.2022;08.08.2022;1
20220726;IL;71.12;28.88;6.9;1.83;0;0;26.07.2022;01.08.2022;1
20220719;IL;63.96;36.04;11.5;1.83;0;0;19.07.2022;25.07.2022;1
20220712;IL;47.48;52.52;19.17;2.76;0;0;12.07.2022;18.07.2022;1
20220705;IL;31.7;68.3;18.02;2.76;0;0;05.07.2022;11.07.2022;1
20220628;IL;41.53;58.47;8.39;0;0;0;28.06.2022;04.07.2022;1
20220621;IL;53.02;46.98;6.38;0;0;0;21.06.2022;27.06.2022;1
20220614;IL;82.71;17.29;0;0;0;0;14.06.2022;20.06.2022;1
20220607;IL;87.98;12.02;0;0;0;0;07.06.2022;13.06.2022;1
20220531;IL;91.25;8.75;0;0;0;0;31.05.2022;06.06.2022;1
20220524;IL;90.67;9.33;0;0;0;0;24.05.2022;30.05.2022;1
20220517;IL;91.71;8.29;0;0;0;0;17.05.2022;23.05.2022;1
20220510;IL;91.71;8.29;0;0;0;0;10.05.2022;16.05.2022;1
20220503;IL;91.65;8.35;0;0;0;0;03.05.2022;09.05.2022;1
20220426;IL;91.65;8.35;0;0;0;0;26.04.2022;02.05.2022;1
20220419;IL;89.88;10.12;7.16;0;0;0;19.04.2022;25.04.2022;1
20220412;IL;88.89;11.11;7.16;0;0;0;12.04.2022;18.04.2022;1
20220405;IL;88.23;11.77;8.14;0;0;0;05.04.2022;11.04.2022;1
20220329;IL;81;19;9.51;0;0;0;29.03.2022;04.04.2022;1
20220322;IL;71.74;28.26;12.72;0.88;0;0;22.03.2022;28.03.2022;1
20220315;IL;71.74;28.26;12.72;0.88;0;0;15.03.2022;21.03.2022;1
20220308;IL;71.74;28.26;12.72;0.88;0;0;08.03.2022;14.03.2022;1
20220301;IL;76;24;12.72;0.88;0;0;01.03.2022;07.03.2022;1
20220222;IL;75.47;24.53;13.09;0.88;0;0;22.02.2022;28.02.2022;1
20220215;IL;66.85;33.15;17.58;0.88;0;0;15.02.2022;21.02.2022;1
20220208;IL;66.66;33.34;11.24;0.88;0;0;08.02.2022;14.02.2022;1
20220201;IL;66.66;33.34;5.76;0.88;0;0;01.02.2022;07.02.2022;1
20220125;IL;73.61;26.39;5.76;0.88;0;0;25.01.2022;31.01.2022;1
20220118;IL;84.07;15.93;5.76;0.88;0;0;18.01.2022;24.01.2022;1
20220111;IL;86.38;13.62;5.76;0.88;0;0;11.01.2022;17.01.2022;1
20220104;IL;88.85;11.15;5.76;0.88;0;0;04.01.2022;10.01.2022;1
20211228;IL;81.55;18.45;8.26;1.22;0;0;28.12.2021;03.01.2022;1
20211221;IL;81.57;18.43;8.26;1.22;0;0;21.12.2021;27.12.2021;1
20211214;IL;80.86;19.14;8.26;1.22;0;0;14.12.2021;20.12.2021;1
20211207;IL;80.86;19.14;9.29;1.22;0;0;07.12.2021;13.12.2021;1
20211130;IL;80.99;19.01;9.29;1.22;0;0;30.11.2021;06.12.2021;1
20211123;IL;83.94;16.06;9.29;1.22;0;0;23.11.2021;29.11.2021;1
20211116;IL;87.62;12.38;9.29;1.22;0;0;16.11.2021;22.11.2021;1
20211109;IL;87.71;12.29;9.29;1.22;0;0;09.11.2021;15.11.2021;1
20211102;IL;87.94;12.06;9.29;1.22;0;0;02.11.2021;08.11.2021;1
20211026;IL;87.94;12.06;9.29;1.22;0;0;26.10.2021;01.11.2021;1
20211019;IL;85.03;14.97;10.34;1.37;0;0;19.10.2021;25.10.2021;1
20211012;IL;80.69;19.31;11.58;1.37;0;0;12.10.2021;18.10.2021;1
20211005;IL;76.35;23.65;16.04;9.46;0.68;0;05.10.2021;11.10.2021;1
20210928;IL;74.77;25.23;16.01;8.78;0.68;0;28.09.2021;04.10.2021;1
20210921;IL;70.44;29.56;13.3;3.53;0.33;0;21.09.2021;27.09.2021;1
20210914;IL;67.06;32.94;10.11;0.79;0;0;14.09.2021;20.09.2021;1
20210907;IL;82.22;17.78;9.81;0.79;0;0;07.09.2021;13.09.2021;1
20210831;IL;80.37;19.63;9.96;0.79;0;0;31.08.2021;06.09.2021;1
20210824;IL;78.37;21.63;7.93;0.79;0;0;24.08.2021;30.08.2021;1
20210817;IL;84.58;15.42;7.33;0.79;0;0;17.08.2021;23.08.2021;1
20210810;IL;84.8;15.2;6.05;1.19;0;0;10.08.2021;16.08.2021;1
20210803;IL;89.01;10.99;6;2.19;0;0;03.08.2021;09.08.2021;1
20210727;IL;90.26;9.74;7.17;2.31;0;0;27.07.2021;02.08.2021;1
20210720;IL;90.26;9.74;7.17;2.31;0;0;20.07.2021;26.07.2021;1
20210713;IL;89.34;10.66;7.32;2.4;0.96;0;13.07.2021;19.07.2021;1
20210706;IL;85.88;14.12;7.4;2.22;0.96;0;06.07.2021;12.07.2021;1
20210629;IL;85.12;14.88;7.55;2.22;0.96;0;29.06.2021;05.07.2021;1
20210622;IL;76.42;23.58;9.18;3.12;0.96;0;22.06.2021;28.06.2021;1
20210615;IL;79.52;20.48;9.18;6.43;2.84;0;15.06.2021;21.06.2021;1
20210608;IL;79.11;20.89;8.52;4.58;0;0;08.06.2021;14.06.2021;1
20210601;IL;83.03;16.97;6.92;4.58;0;0;01.06.2021;07.06.2021;1
20210525;IL;73.51;26.49;6.58;2.85;0;0;25.05.2021;31.05.2021;1
20210518;IL;73.5;26.5;6.58;2.85;0;0;18.05.2021;24.05.2021;1
20210511;IL;74.95;25.05;6.58;0;0;0;11.05.2021;17.05.2021;1
20210504;IL;56.63;43.37;12;0;0;0;04.05.2021;10.05.2021;1
20210427;IL;47.06;52.94;6.63;0;0;0;27.04.2021;03.05.2021;1
20210420;IL;77.53;22.47;3.18;0;0;0;20.04.2021;26.04.2021;1
20210413;IL;83.74;16.26;0.57;0;0;0;13.04.2021;19.04.2021;1
20210406;IL;81.76;18.24;0.57;0;0;0;06.04.2021;12.04.2021;1
20210330;IL;86.11;13.89;0;0;0;0;30.03.2021;05.04.2021;1
20210323;IL;84.48;15.52;0;0;0;0;23.03.2021;29.03.2021;1
20210316;IL;75.99;24.01;4.19;0;0;0;16.03.2021;22.03.2021;1
20210309;IL;78.05;21.95;4.19;0;0;0;09.03.2021;15.03.2021;1
20210302;IL;78.12;21.88;4.19;0;0;0;02.03.2021;08.03.2021;1
20210223;IL;74.32;25.68;7.37;0;0;0;23.02.2021;01.03.2021;1
20210216;IL;74.32;25.68;7.37;0;0;0;16.02.2021;22.02.2021;1
20210209;IL;74.32;25.68;7.37;0;0;0;09.02.2021;15.02.2021;1
20210202;IL;67.42;32.58;10.74;0;0;0;02.02.2021;08.02.2021;1
20210126;IL;58.65;41.35;16;0.73;0;0;26.01.2021;01.02.2021;1
20210119;IL;61.32;38.68;14.89;1.39;0;0;19.01.2021;25.01.2021;1
20210112;IL;61.32;38.68;14.89;1.39;0;0;12.01.2021;18.01.2021;1
20210105;IL;61.32;38.68;16.07;1.39;0;0;05.01.2021;11.01.2021;1
20201229;IL;54.89;45.11;16.36;2.02;0;0;29.12.2020;04.01.2021;1
20201222;IL;59.33;40.67;13.08;2.02;0;0;22.12.2020;28.12.2020;1
20201215;IL;59.33;40.67;13.08;2.02;0;0;15.12.2020;21.12.2020;1
20201208;IL;58.2;41.8;13.08;2.02;0;0;08.12.2020;14.12.2020;1
20201201;IL;58.16;41.84;9.87;1.68;0;0;01.12.2020;07.12.2020;1
20201124;IL;49.78;50.22;12.54;1.68;0;0;24.11.2020;30.11.2020;1
20201117;IL;58.5;41.5;12.54;1.68;0;0;17.11.2020;23.11.2020;1
20201110;IL;52.36;47.64;14.4;1.68;0;0;10.11.2020;16.11.2020;1
20201103;IL;58.76;41.24;13.08;0;0;0;03.11.2020;09.11.2020;1
20201027;IL;50.86;49.14;15.27;0;0;0;27.10.2020;02.11.2020;1
20201020;IL;38.92;61.08;18.88;1.86;0;0;20.10.2020;26.10.2020;1
20201013;IL;42.16;57.84;21.36;0;0;0;13.10.2020;19.10.2020;1
20201006;IL;47.05;52.95;11.67;0;0;0;06.10.2020;12.10.2020;1
20200929;IL;42.28;57.72;3.69;0;0;0;29.09.2020;05.10.2020;1
20200922;IL;42.49;57.51;5.78;0;0;0;22.09.2020;28.09.2020;1
20200915;IL;41.53;58.47;7.6;0;0;0;15.09.2020;21.09.2020;1
20200908;IL;42.31;57.69;17.07;0;0;0;08.09.2020;14.09.2020;1
20200901;IL;37.57;62.43;25.76;0;0;0;01.09.2020;07.09.2020;1
20200825;IL;54.37;45.63;4.27;0;0;0;25.08.2020;31.08.2020;1
20200818;IL;84.58;15.42;0;0;0;0;18.08.2020;24.08.2020;1
20200811;IL;93.74;6.26;0;0;0;0;11.08.2020;17.08.2020;1
20200804;IL;97.93;2.07;0;0;0;0;04.08.2020;10.08.2020;1
20200728;IL;94.05;5.95;0.24;0;0;0;28.07.2020;03.08.2020;1
20200721;IL;87.2;12.8;0.68;0;0;0;21.07.2020;27.07.2020;1
20200714;IL;81.28;18.72;4.14;0;0;0;14.07.2020;20.07.2020;1
20200707;IL;80.39;19.61;0.97;0;0;0;07.07.2020;13.07.2020;1
20200630;IL;72.91;27.09;0;0;0;0;30.06.2020;06.07.2020;1
20200623;IL;69.62;30.38;0;0;0;0;23.06.2020;29.06.2020;1
20200616;IL;95.41;4.59;0;0;0;0;16.06.2020;22.06.2020;1
20200609;IL;100;0;0;0;0;0;09.06.2020;15.06.2020;1
20200602;IL;100;0;0;0;0;0;02.06.2020;08.06.2020;1
20200526;IL;100;0;0;0;0;0;26.05.2020;01.06.2020;1
20200519;IL;100;0;0;0;0;0;19.05.2020;25.05.2020;1
20200512;IL;100;0;0;0;0;0;12.05.2020;18.05.2020;1
20200505;IL;100;0;0;0;0;0;05.05.2020;11.05.2020;1
20200428;IL;100;0;0;0;0;0;28.04.2020;04.05.2020;1
20200421;IL;100;0;0;0;0;0;21.04.2020;27.04.2020;1
20200414;IL;100;0;0;0;0;0;14.04.2020;20.04.2020;1
20200407;IL;100;0;0;0;0;0;07.04.2020;13.04.2020;1
20200331;IL;100;0;0;0;0;0;31.03.2020;06.04.2020;1
20200324;IL;100;0;0;0;0;0;24.03.2020;30.03.2020;1
20200317;IL;100;0;0;0;0;0;17.03.2020;23.03.2020;1
20200310;IL;100;0;0;0;0;0;10.03.2020;16.03.2020;1
20200303;IL;100;0;0;0;0;0;03.03.2020;09.03.2020;1
20200225;IL;100;0;0;0;0;0;25.02.2020;02.03.2020;1
20200218;IL;100;0;0;0;0;0;18.02.2020;24.02.2020;1
20200211;IL;100;0;0;0;0;0;11.02.2020;17.02.2020;1
20200204;IL;100;0;0;0;0;0;04.02.2020;10.02.2020;1
20200128;IL;100;0;0;0;0;0;28.01.2020;03.02.2020;1
20200121;IL;100;0;0;0;0;0;21.01.2020;27.01.2020;1
20200114;IL;100;0;0;0;0;0;14.01.2020;20.01.2020;1
20200107;IL;100;0;0;0;0;0;07.01.2020;13.01.2020;1
20191231;IL;100;0;0;0;0;0;31.12.2019;06.01.2020;1
20191224;IL;100;0;0;0;0;0;24.12.2019;30.12.2019;1
20191217;IL;100;0;0;0;0;0;17.12.2019;23.12.2019;1
20191210;IL;100;0;0;0;0;0;10.12.2019;16.12.2019;1
20191203;IL;100;0;0;0;0;0;03.12.2019;09.12.2019;1
20191126;IL;100;0;0;0;0;0;26.11.2019;02.12.2019;1
20191119;IL;100;0;0;0;0;0;19.11.2019;25.11.2019;1
20191112;IL;100;0;0;0;0;0;12.11.2019;18.11.2019;1
20191105;IL;100;0;0;0;0;0;05.11.2019;11.11.2019;1
20191029;IL;99.31;0.69;0;0;0;0;29.10.2019;04.11.2019;1
20191022;IL;86.91;13.09;0.64;0;0;0;22.10.2019;28.10.2019;1
20191015;IL;83.37;16.63;11.74;0.13;0;0;15.10.2019;21.10.2019;1
20191008;IL;78.58;21.42;10.73;0.13;0;0;08.10.2019;14.10.2019;1
20191001;IL;82.16;17.84;10.78;0.19;0;0;01.10.2019;07.10.2019;1
20190924;IL;70.8;29.2;6.31;0;0;0;24.09.2019;30.09.2019;1
20190917;IL;61.84;38.16;5.79;0;0;0;17.09.2019;23.09.2019;1
20190910;IL;66.94;33.06;11.71;0;0;0;10.09.2019;16.09.2019;1
20190903;IL;62.62;37.38;11.71;0;0;0;03.09.2019;09.09.2019;1
20190827;IL;63.65;36.35;7.63;0;0;0;27.08.2019;02.09.2019;1
20190820;IL;57.86;42.14;7.51;0;0;0;20.08.2019;26.08.2019;1
20190813;IL;55.81;44.19;6.06;0;0;0;13.08.2019;19.08.2019;1
20190806;IL;57.15;42.85;0;0;0;0;06.08.2019;12.08.2019;1
20190730;IL;81.86;18.14;0;0;0;0;30.07.2019;05.08.2019;1
20190723;IL;88.48;11.52;0;0;0;0;23.07.2019;29.07.2019;1
20190716;IL;100;0;0;0;0;0;16.07.2019;22.07.2019;1
20190709;IL;100;0;0;0;0;0;09.07.2019;15.07.2019;1
20190702;IL;100;0;0;0;0;0;02.07.2019;08.07.2019;1
20190625;IL;100;0;0;0;0;0;25.06.2019;01.07.2019;1
20190618;IL;100;0;0;0;0;0;18.06.2019;24.06.2019;1
20190611;IL;100;0;0;0;0;0;11.06.2019;17.06.2019;1
20190604;IL;100;0;0;0;0;0;04.06.2019;10.06.2019;1
20190528;IL;100;0;0;0;0;0;28.05.2019;03.06.2019;1
20190521;IL;100;0;0;0;0;0;21.05.2019;27.05.2019;1
20190514;IL;100;0;0;0;0;0;14.05.2019;20.05.2019;1
20190507;IL;100;0;0;0;0;0;07.05.2019;13.05.2019;1
20190430;IL;100;0;0;0;0;0;30.04.2019;06.05.2019;1
20190423;IL;100;0;0;0;0;0;23.04.2019;29.04.2019;1
20190416;IL;100;0;0;0;0;0;16.04.2019;22.04.2019;1
20190409;IL;100;0;0;0;0;0;09.04.2019;15.04.2019;1
20190402;IL;100;0;0;0;0;0;02.04.2019;08.04.2019;1
20190326;IL;100;0;0;0;0;0;26.03.2019;01.04.2019;1
20190319;IL;100;0;0;0;0;0;19.03.2019;25.03.2019;1
20190312;IL;100;0;0;0;0;0;12.03.2019;18.03.2019;1
20190305;IL;100;0;0;0;0;0;05.03.2019;11.03.2019;1
20190226;IL;100;0;0;0;0;0;26.02.2019;04.03.2019;1
20190219;IL;100;0;0;0;0;0;19.02.2019;25.02.2019;1
20190212;IL;100;0;0;0;0;0;12.02.2019;18.02.2019;1
20190205;IL;100;0;0;0;0;0;05.02.2019;11.02.2019;1
20190129;IL;100;0;0;0;0;0;29.01.2019;04.02.2019;1
20190122;IL;100;0;0;0;0;0;22.01.2019;28.01.2019;1
20190115;IL;100;0;0;0;0;0;15.01.2019;21.01.2019;1
20190108;IL;100;0;0;0;0;0;08.01.2019;14.01.2019;1
20190101;IL;100;0;0;0;0;0;01.01.2019;07.01.2019;1
20181225;IL;100;0;0;0;0;0;25.12.2018;31.12.2018;1
20181218;IL;100;0;0;0;0;0;18.12.2018;24.12.2018;1
20181211;IL;100;0;0;0;0;0;11.12.2018;17.12.2018;1
20181204;IL;100;0;0;0;0;0;04.12.2018;10.12.2018;1
20181127;IL;100;0;0;0;0;0;27.11.2018;03.12.2018;1
20181120;IL;100;0;0;0;0;0;20.11.2018;26.11.2018;1
20181113;IL;100;0;0;0;0;0;13.11.2018;19.11.2018;1
20181106;IL;100;0;0;0;0;0;06.11.2018;12.11.2018;1
20181030;IL;100;0;0;0;0;0;30.10.2018;05.11.2018;1
20181023;IL;98.53;1.47;0;0;0;0;23.10.2018;29.10.2018;1
20181016;IL;98.53;1.47;0;0;0;0;16.10.2018;22.10.2018;1
20181009;IL;98.53;1.47;0;0;0;0;09.10.2018;15.10.2018;1
20181002;IL;94.93;5.07;0;0;0;0;02.10.2018;08.10.2018;1
20180925;IL;96.92;3.08;0;0;0;0;25.09.2018;01.10.2018;1
20180918;IL;96.88;3.12;0;0;0;0;18.09.2018;24.09.2018;1
20180911;IL;96.86;3.14;0;0;0;0;11.09.2018;17.09.2018;1
20180904;IL;75.63;24.37;1.64;0.48;0;0;04.09.2018;10.09.2018;1
20180828;IL;70.29;29.71;5.28;1.81;0;0;28.08.2018;03.09.2018;1
20180821;IL;68.93;31.07;6.21;2.38;0;0;21.08.2018;27.08.2018;1
20180814;IL;71.56;28.44;6.37;1.02;0;0;14.08.2018;20.08.2018;1
20180807;IL;83.37;16.63;3.33;0;0;0;07.08.2018;13.08.2018;1
20180731;IL;83.97;16.03;3.35;0;0;0;31.07.2018;06.08.2018;1
20180724;IL;79.14;20.86;4.92;0;0;0;24.07.2018;30.07.2018;1
20180717;IL;80.43;19.57;4.84;0;0;0;17.07.2018;23.07.2018;1
20180710;IL;80.93;19.07;4.84;0;0;0;10.07.2018;16.07.2018;1
20180703;IL;83.74;16.26;2.06;0;0;0;03.07.2018;09.07.2018;1
20180626;IL;83.87;16.13;2.06;0;0;0;26.06.2018;02.07.2018;1
20180619;IL;80.73;19.27;2.06;0;0;0;19.06.2018;25.06.2018;1
20180612;IL;86.9;13.1;1.29;0;0;0;12.06.2018;18.06.2018;1
20180605;IL;60.63;39.37;1.31;0;0;0;05.06.2018;11.06.2018;1
20180529;IL;82.67;17.33;1.26;0;0;0;29.05.2018;04.06.2018;1
20180522;IL;83.14;16.86;1.26;0;0;0;22.05.2018;28.05.2018;1
20180515;IL;84.12;15.88;0;0;0;0;15.05.2018;21.05.2018;1
20180508;IL;81.58;18.42;0;0;0;0;08.05.2018;14.05.2018;1
20180501;IL;99.64;0.36;0;0;0;0;01.05.2018;07.05.2018;1
20180424;IL;100;0;0;0;0;0;24.04.2018;30.04.2018;1
20180417;IL;100;0;0;0;0;0;17.04.2018;23.04.2018;1
20180410;IL;100;0;0;0;0;0;10.04.2018;16.04.2018;1
20180403;IL;100;0;0;0;0;0;03.04.2018;09.04.2018;1
20180327;IL;99.4;0.6;0;0;0;0;27.03.2018;02.04.2018;1
20180320;IL;92.45;7.55;0;0;0;0;20.03.2018;26.03.2018;1
20180313;IL;90.06;9.94;0;0;0;0;13.03.2018;19.03.2018;1
20180306;IL;90.06;9.94;0;0;0;0;06.03.2018;12.03.2018;1
20180227;IL;89.54;10.46;0;0;0;0;27.02.2018;05.03.2018;1
20180220;IL;61.91;38.09;18.03;3.66;0;0;20.02.2018;26.02.2018;1
20180213;IL;38.77;61.23;27.7;3.66;0;0;13.02.2018;19.02.2018;1
20180206;IL;39.52;60.48;17.12;1.28;0;0;06.02.2018;12.02.2018;1
20180130;IL;45.09;54.91;16.98;1.18;0;0;30.01.2018;05.02.2018;1
20180123;IL;45.09;54.91;16.98;1.18;0;0;23.01.2018;29.01.2018;1
20180116;IL;45.09;54.91;16.19;1.18;0;0;16.01.2018;22.01.2018;1
20180109;IL;51.4;48.6;16.19;1.18;0;0;09.01.2018;15.01.2018;1
20180102;IL;51.4;48.6;16.19;1.18;0;0;02.01.2018;08.01.2018;1
20171226;IL;51.4;48.6;16.19;1.18;0;0;26.12.2017;01.01.2018;1
20171219;IL;47.2;52.8;15.25;1.18;0;0;19.12.2017;25.12.2017;1
20171212;IL;64.63;35.37;4.06;1.18;0;0;12.12.2017;18.12.2017;1
20171205;IL;72.34;27.66;4.06;1.18;0;0;05.12.2017;11.12.2017;1
20171128;IL;76.51;23.49;4.06;0.65;0;0;28.11.2017;04.12.2017;1
20171121;IL;76.51;23.49;4.06;0.65;0;0;21.11.2017;27.11.2017;1
20171114;IL;68.2;31.8;4.22;0.65;0;0;14.11.2017;20.11.2017;1
20171107;IL;69.92;30.08;3.5;0;0;0;07.11.2017;13.11.2017;1
20171031;IL;64.79;35.21;3.5;0;0;0;31.10.2017;06.11.2017;1
20171024;IL;55.31;44.69;4.84;0;0;0;24.10.2017;30.10.2017;1
20171017;IL;50.18;49.82;5.13;0;0;0;17.10.2017;23.10.2017;1
20171010;IL;11;89;13.24;0;0;0;10.10.2017;16.10.2017;1
20171003;IL;6.43;93.57;13.27;0;0;0;03.10.2017;09.10.2017;1
20170926;IL;7.4;92.6;12.84;0;0;0;26.09.2017;02.10.2017;1
20170919;IL;8.65;91.35;11.23;0;0;0;19.09.2017;25.09.2017;1
20170912;IL;9.38;90.62;6.29;0;0;0;12.09.2017;18.09.2017;1
20170905;IL;64.46;35.54;6.26;0;0;0;05.09.2017;11.09.2017;1
20170829;IL;64.54;35.46;6.26;0;0;0;29.08.2017;04.09.2017;1
20170822;IL;59.24;40.76;6.26;0;0;0;22.08.2017;28.08.2017;1
20170815;IL;81.45;18.55;1.18;0;0;0;15.08.2017;21.08.2017;1
20170808;IL;81.77;18.23;1.18;0;0;0;08.08.2017;14.08.2017;1
20170801;IL;81.73;18.27;1.18;0;0;0;01.08.2017;07.08.2017;1
20170725;IL;63.18;36.82;0;0;0;0;25.07.2017;31.07.2017;1
20170718;IL;57.53;42.47;0;0;0;0;18.07.2017;24.07.2017;1
20170711;IL;83.84;16.16;0;0;0;0;11.07.2017;17.07.2017;1
20170704;IL;82.48;17.52;0;0;0;0;04.07.2017;10.07.2017;1
20170627;IL;86.53;13.47;0;0;0;0;27.06.2017;03.07.2017;1
20170620;IL;86.53;13.47;0;0;0;0;20.06.2017;26.06.2017;1
20170613;IL;45.39;54.61;0;0;0;0;13.06.2017;19.06.2017;1
20170606;IL;100;0;0;0;0;0;06.06.2017;12.06.2017;1
20170530;IL;100;0;0;0;0;0;30.05.2017;05.06.2017;1
20170523;IL;100;0;0;0;0;0;23.05.2017;29.05.2017;1
20170516;IL;100;0;0;0;0;0;16.05.2017;22.05.2017;1
20170509;IL;100;0;0;0;0;0;09.05.2017;15.05.2017;1
20170502;IL;100;0;0;0;0;0;02.05.2017;08.05.2017;1
20170425;IL;89.24;10.76;0;0;0;0;25.04.2017;01.05.2017;1
20170418;IL;87.57;12.43;0;0;0;0;18.04.2017;24.04.2017;1
20170411;IL;87.57;12.43;0;0;0;0;11.04.2017;17.04.2017;1
20170404;IL;62.39;37.61;6.05;0;0;0;04.04.2017;10.04.2017;1
20170328;IL;45.91;54.09;17.07;0;0;0;28.03.2017;03.04.2017;1
20170321;IL;45.91;54.09;17.07;0;0;0;21.03.2017;27.03.2017;1
20170314;IL;45.91;54.09;17.07;0;0;0;14.03.2017;20.03.2017;1
20170307;IL;45.92;54.08;17.07;0;0;0;07.03.2017;13.03.2017;1
20170228;IL;48.87;51.13;2.89;0;0;0;28.02.2017;06.03.2017;1
20170221;IL;49.09;50.91;2.89;0;0;0;21.02.2017;27.02.2017;1
20170214;IL;86.36;13.64;2.89;0;0;0;14.02.2017;20.02.2017;1
20170207;IL;86.36;13.64;1.63;0;0;0;07.02.2017;13.02.2017;1
20170131;IL;86.36;13.64;1.63;0;0;0;31.01.2017;06.02.2017;1
20170124;IL;77.1;22.9;4.62;0;0;0;24.01.2017;30.01.2017;1
20170117;IL;71.69;28.31;4.62;0;0;0;17.01.2017;23.01.2017;1
20170110;IL;65.1;34.9;6.53;0;0;0;10.01.2017;16.01.2017;1
20170103;IL;65.1;34.9;6.5;0;0;0;03.01.2017;09.01.2017;1
20161227;IL;65.1;34.9;0;0;0;0;27.12.2016;02.01.2017;1
20161220;IL;58.45;41.55;0.15;0;0;0;20.12.2016;26.12.2016;1
20161213;IL;59.75;40.25;1.33;0;0;0;13.12.2016;19.12.2016;1
20161206;IL;59.75;40.25;1.33;0;0;0;06.12.2016;12.12.2016;1
20161129;IL;59.75;40.25;1.32;0.15;0;0;29.11.2016;05.12.2016;1
20161122;IL;59.68;40.32;2.76;1.1;0;0;22.11.2016;28.11.2016;1
20161115;IL;60.98;39.02;2.76;0.22;0;0;15.11.2016;21.11.2016;1
20161108;IL;90.74;9.26;0.49;0;0;0;08.11.2016;14.11.2016;1
20161101;IL;92.39;7.61;0.4;0;0;0;01.11.2016;07.11.2016;1
20161025;IL;93.34;6.66;0;0;0;0;25.10.2016;31.10.2016;1
20161018;IL;93.34;6.66;0;0;0;0;18.10.2016;24.10.2016;1
20161011;IL;98.86;1.14;0;0;0;0;11.10.2016;17.10.2016;1
20161004;IL;100;0;0;0;0;0;04.10.2016;10.10.2016;1
20160927;IL;99.99;0.01;0;0;0;0;27.09.2016;03.10.2016;1
20160920;IL;100;0;0;0;0;0;20.09.2016;26.09.2016;1
20160913;IL;100;0;0;0;0;0;13.09.2016;19.09.2016;1
20160906;IL;99.45;0.55;0;0;0;0;06.09.2016;12.09.2016;1
20160830;IL;99.45;0.55;0;0;0;0;30.08.2016;05.09.2016;1
20160823;IL;98.71;1.29;0;0;0;0;23.08.2016;29.08.2016;1
20160816;IL;98.47;1.53;0;0;0;0;16.08.2016;22.08.2016;1
20160809;IL;99.25;0.75;0;0;0;0;09.08.2016;15.08.2016;1
20160802;IL;97;3;0;0;0;0;02.08.2016;08.08.2016;1
20160726;IL;97;3;0;0;0;0;26.07.2016;01.08.2016;1
20160719;IL;84.6;15.4;1.32;0;0;0;19.07.2016;25.07.2016;1
20160712;IL;77.33;22.67;1.92;0;0;0;12.07.2016;18.07.2016;1
20160705;IL;78.23;21.77;2.78;0;0;0;05.07.2016;11.07.2016;1
20160628;IL;72.3;27.7;2.78;0;0;0;28.06.2016;04.07.2016;1
20160621;IL;67.69;32.31;2.38;0;0;0;21.06.2016;27.06.2016;1
20160614;IL;64.24;35.76;0;0;0;0;14.06.2016;20.06.2016;1
20160607;IL;100;0;0;0;0;0;07.06.2016;13.06.2016;1
20160531;IL;100;0;0;0;0;0;31.05.2016;06.06.2016;1
20160524;IL;100;0;0;0;0;0;24.05.2016;30.05.2016;1
20160517;IL;100;0;0;0;0;0;17.05.2016;23.05.2016;1
20160510;IL;100;0;0;0;0;0;10.05.2016;16.05.2016;1
20160503;IL;100;0;0;0;0;0;03.05.2016;09.05.2016;1
20160426;IL;87.1;12.9;0;0;0;0;26.04.2016;02.05.2016;1
20160419;IL;92.49;7.51;0;0;0;0;19.04.2016;25.04.2016;1
20160412;IL;96.8;3.2;0;0;0;0;12.04.2016;18.04.2016;1
20160405;IL;96.8;3.2;0;0;0;0;05.04.2016;11.04.2016;1
20160329;IL;98;2;0;0;0;0;29.03.2016;04.04.2016;1
20160322;IL;100;0;0;0;0;0;22.03.2016;28.03.2016;1
20160315;IL;100;0;0;0;0;0;15.03.2016;21.03.2016;1
20160308;IL;100;0;0;0;0;0;08.03.2016;14.03.2016;1
20160301;IL;100;0;0;0;0;0;01.03.2016;07.03.2016;1
20160223;IL;100;0;0;0;0;0;23.02.2016;29.02.2016;1
20160216;IL;100;0;0;0;0;0;16.02.2016;22.02.2016;1
20160209;IL;100;0;0;0;0;0;09.02.2016;15.02.2016;1
20160202;IL;100;0;0;0;0;0;02.02.2016;08.02.2016;1
20160126;IL;100;0;0;0;0;0;26.01.2016;01.02.2016;1
20160119;IL;100;0;0;0;0;0;19.01.2016;25.01.2016;1
20160112;IL;100;0;0;0;0;0;12.01.2016;18.01.2016;1
20160105;IL;100;0;0;0;0;0;05.01.2016;11.01.2016;1
20151229;IL;100;0;0;0;0;0;29.12.2015;04.01.2016;1
20151222;IL;98.44;1.56;0;0;0;0;22.12.2015;28.12.2015;1
20151215;IL;98.44;1.56;0;0;0;0;15.12.2015;21.12.2015;1
20151208;IL;98.44;1.56;0;0;0;0;08.12.2015;14.12.2015;1
20151201;IL;98.44;1.56;0;0;0;0;01.12.2015;07.12.2015;1
20151124;IL;96.45;3.55;1.39;0;0;0;24.11.2015;30.11.2015;1
20151117;IL;61.2;38.8;1.39;0;0;0;17.11.2015;23.11.2015;1
20151110;IL;44.38;55.62;22.33;0;0;0;10.11.2015;16.11.2015;1
20151103;IL;49.73;50.27;22.33;0;0;0;03.11.2015;09.11.2015;1
20151027;IL;46.16;53.84;23.89;0;0;0;27.10.2015;02.11.2015;1
20151020;IL;60.89;39.11;18.61;0;0;0;20.10.2015;26.10.2015;1
20151013;IL;62.41;37.59;0.7;0;0;0;13.10.2015;19.10.2015;1
20151006;IL;83.83;16.17;0;0;0;0;06.10.2015;12.10.2015;1
20150929;IL;82.81;17.19;0;0;0;0;29.09.2015;05.10.2015;1
20150922;IL;97.36;2.64;0;0;0;0;22.09.2015;28.09.2015;1
20150915;IL;97.95;2.05;0;0;0;0;15.09.2015;21.09.2015;1
20150908;IL;97.79;2.21;0;0;0;0;08.09.2015;14.09.2015;1
20150901;IL;99.7;0.3;0;0;0;0;01.09.2015;07.09.2015;1
20150825;IL;99.67;0.33;0;0;0;0;25.08.2015;31.08.2015;1
20150818;IL;99.67;0.33;0.02;0;0;0;18.08.2015;24.08.2015;1
20150811;IL;99.67;0.33;0.02;0;0;0;11.08.2015;17.08.2015;1
20150804;IL;99.67;0.33;0;0;0;0;04.08.2015;10.08.2015;1
20150728;IL;100;0;0;0;0;0;28.07.2015;03.08.2015;1
20150721;IL;100;0;0;0;0;0;21.07.2015;27.07.2015;1
20150714;IL;100;0;0;0;0;0;14.07.2015;20.07.2015;1
20150707;IL;100;0;0;0;0;0;07.07.2015;13.07.2015;1
20150630;IL;99.89;0.11;0;0;0;0;30.06.2015;06.07.2015;1
20150623;IL;99.89;0.11;0;0;0;0;23.06.2015;29.06.2015;1
20150616;IL;98.93;1.07;0;0;0;0;16.06.2015;22.06.2015;1
20150609;IL;100;0;0;0;0;0;09.06.2015;15.06.2015;1
20150602;IL;94.34;5.66;0;0;0;0;02.06.2015;08.06.2015;1
20150526;IL;93.36;6.64;0;0;0;0;26.05.2015;01.06.2015;1
20150519;IL;89.85;10.15;0;0;0;0;19.05.2015;25.05.2015;1
20150512;IL;89.17;10.83;0;0;0;0;12.05.2015;18.05.2015;1
20150505;IL;89.17;10.83;0;0;0;0;05.05.2015;11.05.2015;1
20150428;IL;88.29;11.71;0;0;0;0;28.04.2015;04.05.2015;1
20150421;IL;75.72;24.28;0;0;0;0;21.04.2015;27.04.2015;1
20150414;IL;75.69;24.31;0;0;0;0;14.04.2015;20.04.2015;1
20150407;IL;75.86;24.14;0;0;0;0;07.04.2015;13.04.2015;1
20150331;IL;78.87;21.13;0;0;0;0;31.03.2015;06.04.2015;1
20150324;IL;97.48;2.52;0;0;0;0;24.03.2015;30.03.2015;1
20150317;IL;97.6;2.4;0;0;0;0;17.03.2015;23.03.2015;1
20150310;IL;97.59;2.41;0;0;0;0;10.03.2015;16.03.2015;1
20150303;IL;98.78;1.22;0;0;0;0;03.03.2015;09.03.2015;1
20150224;IL;97.25;2.75;0;0;0;0;24.02.2015;02.03.2015;1
20150217;IL;97.12;2.88;0.01;0;0;0;17.02.2015;23.02.2015;1
20150210;IL;97.12;2.88;0.01;0;0;0;10.02.2015;16.02.2015;1
20150203;IL;97.19;2.81;0.01;0;0;0;03.02.2015;09.02.2015;1
20150127;IL;58.84;41.16;0.01;0;0;0;27.01.2015;02.02.2015;1
20150120;IL;98.4;1.6;0.01;0;0;0;20.01.2015;26.01.2015;1
20150113;IL;98.4;1.6;0.01;0;0;0;13.01.2015;19.01.2015;1
20150106;IL;99.98;0.02;0;0;0;0;06.01.2015;12.01.2015;1
20141230;IL;99.86;0.14;0;0;0;0;30.12.2014;05.01.2015;1
20141223;IL;99.86;0.14;0;0;0;0;23.12.2014;29.12.2014;1
20141216;IL;99.86;0.14;0;0;0;0;16.12.2014;22.12.2014;1
20141209;IL;100;0;0;0;0;0;09.12.2014;15.12.2014;1
20141202;IL;100;0;0;0;0;0;02.12.2014;08.12.2014;1
20141125;IL;100;0;0;0;0;0;25.11.2014;01.12.2014;1
20141118;IL;100;0;0;0;0;0;18.11.2014;24.11.2014;1
20141111;IL;100;0;0;0;0;0;11.11.2014;17.11.2014;1
20141104;IL;100;0;0;0;0;0;04.11.2014;10.11.2014;1
20141028;IL;100;0;0;0;0;0;28.10.2014;03.11.2014;1
20141021;IL;100;0;0;0;0;0;21.10.2014;27.10.2014;1
20141014;IL;100;0;0;0;0;0;14.10.2014;20.10.2014;1
20141007;IL;99.83;0.17;0;0;0;0;07.10.2014;13.10.2014;1
20140930;IL;99.83;0.17;0;0;0;0;30.09.2014;06.10.2014;1
20140923;IL;99.83;0.17;0;0;0;0;23.09.2014;29.09.2014;1
20140916;IL;99.83;0.17;0;0;0;0;16.09.2014;22.09.2014;1
20140909;IL;99.01;0.99;0;0;0;0;09.09.2014;15.09.2014;1
20140902;IL;98.28;1.72;0.17;0;0;0;02.09.2014;08.09.2014;1
20140826;IL;96.33;3.67;0.22;0;0;0;26.08.2014;01.09.2014;1
20140819;IL;96.33;3.67;0;0;0;0;19.08.2014;25.08.2014;1
20140812;IL;99.24;0.76;0;0;0;0;12.08.2014;18.08.2014;1
20140805;IL;99.24;0.76;0;0;0;0;05.08.2014;11.08.2014;1
20140729;IL;99.26;0.74;0;0;0;0;29.07.2014;04.08.2014;1
20140722;IL;100;0;0;0;0;0;22.07.2014;28.07.2014;1
20140715;IL;100;0;0;0;0;0;15.07.2014;21.07.2014;1
20140708;IL;100;0;0;0;0;0;08.07.2014;14.07.2014;1
20140701;IL;100;0;0;0;0;0;01.07.2014;07.07.2014;1
20140624;IL;99.02;0.98;0.24;0;0;0;24.06.2014;30.06.2014;1
20140617;IL;97.48;2.52;0.3;0;0;0;17.06.2014;23.06.2014;1
20140610;IL;97.48;2.52;0.3;0;0;0;10.06.2014;16.06.2014;1
20140603;IL;82.81;17.19;0.3;0;0;0;03.06.2014;09.06.2014;1
20140527;IL;84.06;15.94;0.04;0;0;0;27.05.2014;02.06.2014;1
20140520;IL;97.97;2.03;0.04;0;0;0;20.05.2014;26.05.2014;1
20140513;IL;97.97;2.03;0.04;0;0;0;13.05.2014;19.05.2014;1
20140506;IL;97.97;2.03;0.04;0;0;0;06.05.2014;12.05.2014;1
20140429;IL;97.97;2.03;0.04;0;0;0;29.04.2014;05.05.2014;1
20140422;IL;92.8;7.2;0.04;0;0;0;22.04.2014;28.04.2014;1
20140415;IL;92.8;7.2;0.04;0;0;0;15.04.2014;21.04.2014;1
20140408;IL;92.35;7.65;0.05;0;0;0;08.04.2014;14.04.2014;1
20140401;IL;49.65;50.35;2.59;0;0;0;01.04.2014;07.04.2014;1
20140325;IL;73.62;26.38;2.57;0;0;0;25.03.2014;31.03.2014;1
20140318;IL;73.62;26.38;2.55;0;0;0;18.03.2014;24.03.2014;1
20140311;IL;61.54;38.46;9.31;0;0;0;11.03.2014;17.03.2014;1
20140304;IL;63.18;36.82;9.31;0;0;0;04.03.2014;10.03.2014;1
20140225;IL;63.18;36.82;9.31;0;0;0;25.02.2014;03.03.2014;1
20140218;IL;49.84;50.16;22.14;2.11;0;0;18.02.2014;24.02.2014;1
20140211;IL;49.84;50.16;22.14;2.11;0;0;11.02.2014;17.02.2014;1
20140204;IL;49.84;50.16;22.14;2.11;0;0;04.02.2014;10.02.2014;1
20140128;IL;49.84;50.16;22.14;2.11;0;0;28.01.2014;03.02.2014;1
20140121;IL;49.84;50.16;22.14;2.11;0;0;21.01.2014;27.01.2014;1
20140114;IL;49.84;50.16;22.14;2.11;0;0;14.01.2014;20.01.2014;1
20140107;IL;49.84;50.16;22.14;2.11;0;0;07.01.2014;13.01.2014;1
20131231;IL;49.84;50.16;22.14;2.11;0;0;31.12.2013;06.01.2014;1
20131224;IL;49.84;50.16;22.14;2.11;0;0;24.12.2013;30.12.2013;1
20131217;IL;31.07;68.93;24.19;3.49;0;0;17.12.2013;23.12.2013;1
20131210;IL;31.07;68.93;24.19;3.49;0;0;10.12.2013;16.12.2013;1
20131203;IL;31.07;68.93;24.19;3.49;0;0;03.12.2013;09.12.2013;1
20131126;IL;31.07;68.93;24.19;3.49;0;0;26.11.2013;02.12.2013;1
20131119;IL;31.07;68.93;24.19;3.49;0;0;19.11.2013;25.11.2013;1
20131112;IL;25.85;74.15;24.55;3.49;0;0;12.11.2013;18.11.2013;1
20131105;IL;25.88;74.12;38.06;7.04;0;0;05.11.2013;11.11.2013;1
20131029;IL;15.58;84.42;38.87;16.01;0;0;29.10.2013;04.11.2013;1
20131022;IL;15.58;84.42;38.87;16.01;0;0;22.10.2013;28.10.2013;1
20131015;IL;15.62;84.38;38.87;16.01;0;0;15.10.2013;21.10.2013;1
20131008;IL;15.16;84.84;38.87;16.01;0;0;08.10.2013;14.10.2013;1
20131001;IL;9.96;90.04;46.96;16.28;0;0;01.10.2013;07.10.2013;1
20130924;IL;12.59;87.41;40.66;14.95;0;0;24.09.2013;30.09.2013;1
20130917;IL;19.33;80.67;41.69;9.93;0;0;17.09.2013;23.09.2013;1
20130910;IL;34.28;65.72;39.52;3.58;0;0;10.09.2013;16.09.2013;1
20130903;IL;40.27;59.73;38.81;2.12;0;0;03.09.2013;09.09.2013;1
20130827;IL;31.95;68.05;20.84;0;0;0;27.08.2013;02.09.2013;1
20130820;IL;37.2;62.8;0;0;0;0;20.08.2013;26.08.2013;1
20130813;IL;55.18;44.82;0;0;0;0;13.08.2013;19.08.2013;1
20130806;IL;89.65;10.35;0;0;0;0;06.08.2013;12.08.2013;1
20130730;IL;89.87;10.13;0;0;0;0;30.07.2013;05.08.2013;1
20130723;IL;89.87;10.13;0;0;0;0;23.07.2013;29.07.2013;1
20130716;IL;100;0;0;0;0;0;16.07.2013;22.07.2013;1
20130709;IL;100;0;0;0;0;0;09.07.2013;15.07.2013;1
20130702;IL;100;0;0;0;0;0;02.07.2013;08.07.2013;1
20130625;IL;100;0;0;0;0;0;25.06.2013;01.07.2013;1
20130618;IL;100;0;0;0;0;0;18.06.2013;24.06.2013;1
20130611;IL;100;0;0;0;0;0;11.06.2013;17.06.2013;1
20130604;IL;100;0;0;0;0;0;04.06.2013;10.06.2013;1
20130528;IL;100;0;0;0;0;0;28.05.2013;03.06.2013;1
20130521;IL;100;0;0;0;0;0;21.05.2013;27.05.2013;1
20130514;IL;100;0;0;0;0;0;14.05.2013;20.05.2013;1
20130507;IL;100;0;0;0;0;0;07.05.2013;13.05.2013;1
20130430;IL;100;0;0;0;0;0;30.04.2013;06.05.2013;1
20130423;IL;100;0;0;0;0;0;23.04.2013;29.04.2013;1
20130416;IL;100;0;0;0;0;0;16.04.2013;22.04.2013;1
20130409;IL;100;0;0;0;0;0;09.04.2013;15.04.2013;1
20130402;IL;84.22;15.78;0;0;0;0;02.04.2013;08.04.2013;1
20130326;IL;84.01;15.99;0;0;0;0;26.03.2013;01.04.2013;1
20130319;IL;82.49;17.51;0;0;0;0;19.03.2013;25.03.2013;1
20130312;IL;82.38;17.62;7.69;0;0;0;12.03.2013;18.03.2013;1
20130305;IL;65.29;34.71;16.6;0;0;0;05.03.2013;11.03.2013;1
20130226;IL;60.76;39.24;16.73;0;0;0;26.02.2013;04.03.2013;1
20130219;IL;60.3;39.7;16.64;0;0;0;19.02.2013;25.02.2013;1
20130212;IL;63.25;36.75;16.64;0;0;0;12.02.2013;18.02.2013;1
20130205;IL;63.2;36.8;16.64;0;0;0;05.02.2013;11.02.2013;1
20130129;IL;33.5;66.5;36.4;8.9;0;0;29.01.2013;04.02.2013;1
20130122;IL;33.5;66.5;36.4;8.9;0;0;22.01.2013;28.01.2013;1
20130115;IL;27.62;72.38;36.4;8.9;0;0;15.01.2013;21.01.2013;1
20130108;IL;22.36;77.64;40.22;8.9;0;0;08.01.2013;14.01.2013;1
20130101;IL;22.36;77.64;40.01;8.9;0;0;01.01.2013;07.01.2013;1
20121225;IL;22.36;77.64;40.01;9.29;0;0;25.12.2012;31.12.2012;1
20121218;IL;22.36;77.64;40.01;11.26;0;0;18.12.2012;24.12.2012;1
20121211;IL;22.36;77.64;40.01;11.26;0;0;11.12.2012;17.12.2012;1
20121204;IL;22.03;77.97;42.06;11.26;0;0;04.12.2012;10.12.2012;1
20121127;IL;22.03;77.97;35.62;11.26;0;0;27.11.2012;03.12.2012;1
20121120;IL;22.03;77.97;32.34;11.26;0;0;20.11.2012;26.11.2012;1
20121113;IL;22.03;77.97;32.34;11.26;0;0;13.11.2012;19.11.2012;1
20121106;IL;15.91;84.09;42.25;15.22;0;0;06.11.2012;12.11.2012;1
20121030;IL;15.44;84.56;42.25;15.22;0;0;30.10.2012;05.11.2012;1
20121023;IL;8.29;91.71;60.59;27.25;3.75;0;23.10.2012;29.10.2012;1
20121016;IL;6.75;93.25;62.83;29.33;7.16;0;16.10.2012;22.10.2012;1
20121009;IL;6.66;93.34;62.57;30.08;6.65;0;09.10.2012;15.10.2012;1
20121002;IL;3.11;96.89;66.62;31.58;6.65;0;02.10.2012;08.10.2012;1
20120925;IL;0;100;82.37;40.06;6.67;0;25.09.2012;01.10.2012;1
20120918;IL;0;100;92.66;41.27;6.67;0;18.09.2012;24.09.2012;1
20120911;IL;0;100;94.06;46.79;6.66;0;11.09.2012;17.09.2012;1
20120904;IL;0;100;93.95;56.33;6.96;0;04.09.2012;10.09.2012;1
20120828;IL;0;100;98.8;94.11;69.56;7.82;28.08.2012;03.09.2012;1
20120821;IL;0;100;99.99;94.01;76.72;7.94;21.08.2012;27.08.2012;1
20120814;IL;0;100;99.99;93.93;79.54;8.2;14.08.2012;20.08.2012;1
20120807;IL;0;100;100;94.1;81.18;8.38;07.08.2012;13.08.2012;1
20120731;IL;0;100;100;93.93;71.29;8.39;31.07.2012;06.08.2012;1
20120724;IL;0;100;100;95.07;70.8;7.1;24.07.2012;30.07.2012;1
20120717;IL;0;100;100;95.07;8.28;1.45;17.07.2012;23.07.2012;1
20120710;IL;0;100;100;66.28;8.13;0.68;10.07.2012;16.07.2012;1
20120703;IL;0;100;92.05;40;8.13;0;03.07.2012;09.07.2012;1
20120626;IL;0;100;89.1;30.22;8.13;0;26.06.2012;02.07.2012;1
20120619;IL;0;100;69.8;27.84;7.78;0;19.06.2012;25.06.2012;1
20120612;IL;0;100;31.36;7.76;0;0;12.06.2012;18.06.2012;1
20120605;IL;13.87;86.13;16.49;6.3;0;0;05.06.2012;11.06.2012;1
20120529;IL;45.71;54.29;8.09;1.93;0;0;29.05.2012;04.06.2012;1
20120522;IL;54.83;45.17;5.7;1.93;0;0;22.05.2012;28.05.2012;1
20120515;IL;81.98;18.02;5.47;0.12;0;0;15.05.2012;21.05.2012;1
20120508;IL;81.77;18.23;0.99;0;0;0;08.05.2012;14.05.2012;1
20120501;IL;52.54;47.46;9.52;0;0;0;01.05.2012;07.05.2012;1
20120424;IL;57.77;42.23;5.55;0;0;0;24.04.2012;30.04.2012;1
20120417;IL;64.41;35.59;5.44;0;0;0;17.04.2012;23.04.2012;1
20120410;IL;68.53;31.47;5.29;0;0;0;10.04.2012;16.04.2012;1
20120403;IL;67.92;32.08;0;0;0;0;03.04.2012;09.04.2012;1
20120327;IL;70.13;29.87;0;0;0;0;27.03.2012;02.04.2012;1
20120320;IL;100;0;0;0;0;0;20.03.2012;26.03.2012;1
20120313;IL;100;0;0;0;0;0;13.03.2012;19.03.2012;1
20120306;IL;100;0;0;0;0;0;06.03.2012;12.03.2012;1
20120228;IL;100;0;0;0;0;0;28.02.2012;05.03.2012;1
20120221;IL;100;0;0;0;0;0;21.02.2012;27.02.2012;1
20120214;IL;100;0;0;0;0;0;14.02.2012;20.02.2012;1
20120207;IL;100;0;0;0;0;0;07.02.2012;13.02.2012;1
20120131;IL;100;0;0;0;0;0;31.01.2012;06.02.2012;1
20120124;IL;100;0;0;0;0;0;24.01.2012;30.01.2012;1
20120117;IL;100;0;0;0;0;0;17.01.2012;23.01.2012;1
20120110;IL;100;0;0;0;0;0;10.01.2012;16.01.2012;1
20120103;IL;100;0;0;0;0;0;03.01.2012;09.01.2012;1
20111227;IL;100;0;0;0;0;0;27.12.2011;02.01.2012;1
20111220;IL;100;0;0;0;0;0;20.12.2011;26.12.2011;1
20111213;IL;100;0;0;0;0;0;13.12.2011;19.12.2011;1
20111206;IL;100;0;0;0;0;0;06.12.2011;12.12.2011;1
20111129;IL;100;0;0;0;0;0;29.11.2011;05.12.2011;1
20111122;IL;85.88;14.12;0;0;0;0;22.11.2011;28.11.2011;1
20111115;IL;85.87;14.13;0;0;0;0;15.11.2011;21.11.2011;1
20111108;IL;74.59;25.41;19.75;0;0;0;08.11.2011;14.11.2011;1
20111101;IL;74.59;25.41;19.75;9.38;0;0;01.11.2011;07.11.2011;1
20111025;IL;75.33;24.67;18.71;9.38;0;0;25.10.2011;31.10.2011;1
20111018;IL;68.29;31.71;16.55;9.34;0;0;18.10.2011;24.10.2011;1
20111011;IL;56.28;43.72;30.59;14.68;0;0;11.10.2011;17.10.2011;1
20111004;IL;56.28;43.72;30.59;14.68;0;0;04.10.2011;10.10.2011;1
20110927;IL;45.76;54.24;30.76;14.68;0;0;27.09.2011;03.10.2011;1
20110920;IL;20.57;79.43;41.15;27.72;0;0;20.09.2011;26.09.2011;1
20110913;IL;20.57;79.43;54.51;27.72;0;0;13.09.2011;19.09.2011;1
20110906;IL;20.95;79.05;45.48;21.25;0;0;06.09.2011;12.09.2011;1
20110830;IL;20.51;79.49;45.59;21.25;0;0;30.08.2011;05.09.2011;1
20110823;IL;20.22;79.78;32.98;0;0;0;23.08.2011;29.08.2011;1
20110816;IL;23.45;76.55;32.62;0;0;0;16.08.2011;22.08.2011;1
20110809;IL;39.45;60.55;30.12;0;0;0;09.08.2011;15.08.2011;1
20110802;IL;45.77;54.23;0;0;0;0;02.08.2011;08.08.2011;1
20110726;IL;94.82;5.18;0;0;0;0;26.07.2011;01.08.2011;1
20110719;IL;76.77;23.23;0;0;0;0;19.07.2011;25.07.2011;1
20110712;IL;100;0;0;0;0;0;12.07.2011;18.07.2011;1
20110705;IL;100;0;0;0;0;0;05.07.2011;11.07.2011;1
20110628;IL;100;0;0;0;0;0;28.06.2011;04.07.2011;1
20110621;IL;100;0;0;0;0;0;21.06.2011;27.06.2011;1
20110614;IL;100;0;0;0;0;0;14.06.2011;20.06.2011;1
20110607;IL;100;0;0;0;0;0;07.06.2011;13.06.2011;1
20110531;IL;100;0;0;0;0;0;31.05.2011;06.06.2011;1
20110524;IL;100;0;0;0;0;0;24.05.2011;30.05.2011;1
20110517;IL;100;0;0;0;0;0;17.05.2011;23.05.2011;1
20110510;IL;100;0;0;0;0;0;10.05.2011;16.05.2011;1
20110503;IL;100;0;0;0;0;0;03.05.2011;09.05.2011;1
20110426;IL;100;0;0;0;0;0;26.04.2011;02.05.2011;1
20110419;IL;99.97;0.03;0;0;0;0;19.04.2011;25.04.2011;1
20110412;IL;99.97;0.03;0;0;0;0;12.04.2011;18.04.2011;1
20110405;IL;99.98;0.02;0;0;0;0;05.04.2011;11.04.2011;1
20110329;IL;99.98;0.02;0;0;0;0;29.03.2011;04.04.2011;1
20110322;IL;99.98;0.02;0;0;0;0;22.03.2011;28.03.2011;1
20110315;IL;99.98;0.02;0;0;0;0;15.03.2011;21.03.2011;1
20110308;IL;99.98;0.02;0;0;0;0;08.03.2011;14.03.2011;1
20110301;IL;99.91;0.09;0;0;0;0;01.03.2011;07.03.2011;1
20110222;IL;81.23;18.77;0.05;0;0;0;22.02.2011;28.02.2011;1
20110215;IL;78.51;21.49;0.05;0;0;0;15.02.2011;21.02.2011;1
20110208;IL;78.51;21.49;0.05;0;0;0;08.02.2011;14.02.2011;1
20110201;IL;78.51;21.49;0.05;0;0;0;01.02.2011;07.02.2011;1
20110125;IL;78.51;21.49;0.05;0;0;0;25.01.2011;31.01.2011;1
20110118;IL;78.51;21.49;0.05;0;0;0;18.01.2011;24.01.2011;1
20110111;IL;93.09;6.91;0.04;0;0;0;11.01.2011;17.01.2011;1
20110104;IL;93.09;6.91;0.04;0;0;0;04.01.2011;10.01.2011;1
20101228;IL;87.39;12.61;0.04;0;0;0;28.12.2010;03.01.2011;1
20101221;IL;79.4;20.6;0.04;0;0;0;21.12.2010;27.12.2010;1
20101214;IL;79.4;20.6;0.04;0;0;0;14.12.2010;20.12.2010;1
20101207;IL;65.37;34.63;1.26;0;0;0;07.12.2010;13.12.2010;1
20101130;IL;65.37;34.63;1.26;0;0;0;30.11.2010;06.12.2010;1
20101123;IL;39.86;60.14;20.45;1.69;0;0;23.11.2010;29.11.2010;1
20101116;IL;39.86;60.14;20.45;1.69;0;0;16.11.2010;22.11.2010;1
20101109;IL;64.82;35.18;15.95;1.69;0;0;09.11.2010;15.11.2010;1
20101102;IL;64.83;35.17;15.99;1.64;0;0;02.11.2010;08.11.2010;1
20101026;IL;64.83;35.17;13.72;1.21;0;0;26.10.2010;01.11.2010;1
20101019;IL;43.16;56.84;13.72;1.21;0;0;19.10.2010;25.10.2010;1
20101012;IL;43.16;56.84;10.71;0;0;0;12.10.2010;18.10.2010;1
20101005;IL;85.21;14.79;3.68;0;0;0;05.10.2010;11.10.2010;1
20100928;IL;85.13;14.87;3.68;0;0;0;28.09.2010;04.10.2010;1
20100921;IL;85.13;14.87;3.68;0;0;0;21.09.2010;27.09.2010;1
20100914;IL;90.29;9.71;1.35;0;0;0;14.09.2010;20.09.2010;1
20100907;IL;89.43;10.57;2.68;0;0;0;07.09.2010;13.09.2010;1
20100831;IL;64.42;35.58;2.68;0;0;0;31.08.2010;06.09.2010;1
20100824;IL;89.37;10.63;2.68;0;0;0;24.08.2010;30.08.2010;1
20100817;IL;93.23;6.77;1.76;0;0;0;17.08.2010;23.08.2010;1
20100810;IL;93.24;6.76;0.66;0;0;0;10.08.2010;16.08.2010;1
20100803;IL;93.24;6.76;0.66;0;0;0;03.08.2010;09.08.2010;1
20100727;IL;94.54;5.46;0.09;0;0;0;27.07.2010;02.08.2010;1
20100720;IL;98.29;1.71;0;0;0;0;20.07.2010;26.07.2010;1
20100713;IL;98.26;1.74;0;0;0;0;13.07.2010;19.07.2010;1
20100706;IL;98.26;1.74;0;0;0;0;06.07.2010;12.07.2010;1
20100629;IL;99.36;0.64;0;0;0;0;29.06.2010;05.07.2010;1
20100622;IL;100;0;0;0;0;0;22.06.2010;28.06.2010;1
20100615;IL;100;0;0;0;0;0;15.06.2010;21.06.2010;1
20100608;IL;100;0;0;0;0;0;08.06.2010;14.06.2010;1
20100601;IL;100;0;0;0;0;0;01.06.2010;07.06.2010;1
20100525;IL;100;0;0;0;0;0;25.05.2010;31.05.2010;1
20100518;IL;100;0;0;0;0;0;18.05.2010;24.05.2010;1
20100511;IL;100;0;0;0;0;0;11.05.2010;17.05.2010;1
20100504;IL;100;0;0;0;0;0;04.05.2010;10.05.2010;1
20100427;IL;100;0;0;0;0;0;27.04.2010;03.05.2010;1
20100420;IL;100;0;0;0;0;0;20.04.2010;26.04.2010;1
20100413;IL;100;0;0;0;0;0;13.04.2010;19.04.2010;1
20100406;IL;100;0;0;0;0;0;06.04.2010;12.04.2010;1
20100330;IL;100;0;0;0;0;0;30.03.2010;05.04.2010;1
20100323;IL;100;0;0;0;0;0;23.03.2010;29.03.2010;1
20100316;IL;100;0;0;0;0;0;16.03.2010;22.03.2010;1
20100309;IL;99.21;0.79;0;0;0;0;09.03.2010;15.03.2010;1
20100302;IL;100;0;0;0;0;0;02.03.2010;08.03.2010;1
20100223;IL;100;0;0;0;0;0;23.02.2010;01.03.2010;1
20100216;IL;100;0;0;0;0;0;16.02.2010;22.02.2010;1
20100209;IL;100;0;0;0;0;0;09.02.2010;15.02.2010;1
20100202;IL;100;0;0;0;0;0;02.02.2010;08.02.2010;1
20100126;IL;100;0;0;0;0;0;26.01.2010;01.02.2010;1
20100119;IL;100;0;0;0;0;0;19.01.2010;25.01.2010;1
20100112;IL;100;0;0;0;0;0;12.01.2010;18.01.2010;1
20100105;IL;100;0;0;0;0;0;05.01.2010;11.01.2010;1
20091229;IL;100;0;0;0;0;0;29.12.2009;04.01.2010;1
20091222;IL;100;0;0;0;0;0;22.12.2009;28.12.2009;1
20091215;IL;100;0;0;0;0;0;15.12.2009;21.12.2009;1
20091208;IL;100;0;0;0;0;0;08.12.2009;14.12.2009;1
20091201;IL;100;0;0;0;0;0;01.12.2009;07.12.2009;1
20091124;IL;100;0;0;0;0;0;24.11.2009;30.11.2009;1
20091117;IL;100;0;0;0;0;0;17.11.2009;23.11.2009;1
20091110;IL;100;0;0;0;0;0;10.11.2009;16.11.2009;1
20091103;IL;100;0;0;0;0;0;03.11.2009;09.11.2009;1
20091027;IL;100;0;0;0;0;0;27.10.2009;02.11.2009;1
20091020;IL;100;0;0;0;0;0;20.10.2009;26.10.2009;1
20091013;IL;100;0;0;0;0;0;13.10.2009;19.10.2009;1
20091006;IL;98.71;1.29;0;0;0;0;06.10.2009;12.10.2009;1
20090929;IL;98.6;1.4;0;0;0;0;29.09.2009;05.10.2009;1
20090922;IL;98.9;1.1;0;0;0;0;22.09.2009;28.09.2009;1
20090915;IL;99.98;0.02;0;0;0;0;15.09.2009;21.09.2009;1
20090908;IL;99.98;0.02;0;0;0;0;08.09.2009;14.09.2009;1
20090901;IL;100;0;0;0;0;0;01.09.2009;07.09.2009;1
20090825;IL;100;0;0;0;0;0;25.08.2009;31.08.2009;1
20090818;IL;100;0;0;0;0;0;18.08.2009;24.08.2009;1
20090811;IL;100;0;0;0;0;0;11.08.2009;17.08.2009;1
20090804;IL;100;0;0;0;0;0;04.08.2009;10.08.2009;1
20090728;IL;100;0;0;0;0;0;28.07.2009;03.08.2009;1
20090721;IL;100;0;0;0;0;0;21.07.2009;27.07.2009;1
20090714;IL;100;0;0;0;0;0;14.07.2009;20.07.2009;1
20090707;IL;100;0;0;0;0;0;07.07.2009;13.07.2009;1
20090630;IL;100;0;0;0;0;0;30.06.2009;06.07.2009;1
20090623;IL;100;0;0;0;0;0;23.06.2009;29.06.2009;1
20090616;IL;100;0;0;0;0;0;16.06.2009;22.06.2009;1
20090609;IL;100;0;0;0;0;0;09.06.2009;15.06.2009;1
20090602;IL;100;0;0;0;0;0;02.06.2009;08.06.2009;1
20090526;IL;100;0;0;0;0;0;26.05.2009;01.06.2009;1
20090519;IL;100;0;0;0;0;0;19.05.2009;25.05.2009;1
20090512;IL;100;0;0;0;0;0;12.05.2009;18.05.2009;1
20090505;IL;100;0;0;0;0;0;05.05.2009;11.05.2009;1
20090428;IL;100;0;0;0;0;0;28.04.2009;04.05.2009;1
20090421;IL;100;0;0;0;0;0;21.04.2009;27.04.2009;1
20090414;IL;100;0;0;0;0;0;14.04.2009;20.04.2009;1
20090407;IL;100;0;0;0;0;0;07.04.2009;13.04.2009;1
20090331;IL;100;0;0;0;0;0;31.03.2009;06.04.2009;1
20090324;IL;100;0;0;0;0;0;24.03.2009;30.03.2009;1
20090317;IL;100;0;0;0;0;0;17.03.2009;23.03.2009;1
20090310;IL;100;0;0;0;0;0;10.03.2009;16.03.2009;1
20090303;IL;100;0;0;0;0;0;03.03.2009;09.03.2009;1
20090224;IL;100;0;0;0;0;0;24.02.2009;02.03.2009;1
20090217;IL;100;0;0;0;0;0;17.02.2009;23.02.2009;1
20090210;IL;100;0;0;0;0;0;10.02.2009;16.02.2009;1
20090203;IL;100;0;0;0;0;0;03.02.2009;09.02.2009;1
20090127;IL;100;0;0;0;0;0;27.01.2009;02.02.2009;1
20090120;IL;100;0;0;0;0;0;20.01.2009;26.01.2009;1
20090113;IL;100;0;0;0;0;0;13.01.2009;19.01.2009;1
20090106;IL;100;0;0;0;0;0;06.01.2009;12.01.2009;1
20081230;IL;100;0;0;0;0;0;30.12.2008;05.01.2009;1
20081223;IL;99.93;0.07;0;0;0;0;23.12.2008;29.12.2008;1
20081216;IL;99.93;0.07;0;0;0;0;16.12.2008;22.12.2008;1
20081209;IL;99.92;0.08;0;0;0;0;09.12.2008;15.12.2008;1
20081202;IL;80.95;19.05;0;0;0;0;02.12.2008;08.12.2008;1
20081125;IL;100;0;0;0;0;0;25.11.2008;01.12.2008;1
20081118;IL;100;0;0;0;0;0;18.11.2008;24.11.2008;1
20081111;IL;100;0;0;0;0;0;11.11.2008;17.11.2008;1
20081104;IL;100;0;0;0;0;0;04.11.2008;10.11.2008;1
20081028;IL;100;0;0;0;0;0;28.10.2008;03.11.2008;1
20081021;IL;99.77;0.23;0;0;0;0;21.10.2008;27.10.2008;1
20081014;IL;99.77;0.23;0;0;0;0;14.10.2008;20.10.2008;1
20081007;IL;99.77;0.23;0;0;0;0;07.10.2008;13.10.2008;1
20080930;IL;99.77;0.23;0;0;0;0;30.09.2008;06.10.2008;1
20080923;IL;99.77;0.23;0;0;0;0;23.09.2008;29.09.2008;1
20080916;IL;99.77;0.23;0;0;0;0;16.09.2008;22.09.2008;1
20080909;IL;99.77;0.23;0;0;0;0;09.09.2008;15.09.2008;1
20080902;IL;99.77;0.23;0;0;0;0;02.09.2008;08.09.2008;1
20080826;IL;100;0;0;0;0;0;26.08.2008;01.09.2008;1
20080819;IL;100;0;0;0;0;0;19.08.2008;25.08.2008;1
20080812;IL;100;0;0;0;0;0;12.08.2008;18.08.2008;1
20080805;IL;100;0;0;0;0;0;05.08.2008;11.08.2008;1
20080729;IL;100;0;0;0;0;0;29.07.2008;04.08.2008;1
20080722;IL;100;0;0;0;0;0;22.07.2008;28.07.2008;1
20080715;IL;100;0;0;0;0;0;15.07.2008;21.07.2008;1
20080708;IL;100;0;0;0;0;0;08.07.2008;14.07.2008;1
20080701;IL;100;0;0;0;0;0;01.07.2008;07.07.2008;1
20080624;IL;100;0;0;0;0;0;24.06.2008;30.06.2008;1
20080617;IL;100;0;0;0;0;0;17.06.2008;23.06.2008;1
20080610;IL;100;0;0;0;0;0;10.06.2008;16.06.2008;1
20080603;IL;100;0;0;0;0;0;03.06.2008;09.06.2008;1
20080527;IL;100;0;0;0;0;0;27.05.2008;02.06.2008;1
20080520;IL;100;0;0;0;0;0;20.05.2008;26.05.2008;1
20080513;IL;100;0;0;0;0;0;13.05.2008;19.05.2008;1
20080506;IL;100;0;0;0;0;0;06.05.2008;12.05.2008;1
20080429;IL;100;0;0;0;0;0;29.04.2008;05.05.2008;1
20080422;IL;100;0;0;0;0;0;22.04.2008;28.04.2008;1
20080415;IL;100;0;0;0;0;0;15.04.2008;21.04.2008;1
20080408;IL;100;0;0;0;0;0;08.04.2008;14.04.2008;1
20080401;IL;100;0;0;0;0;0;01.04.2008;07.04.2008;1
20080325;IL;100;0;0;0;0;0;25.03.2008;31.03.2008;1
20080318;IL;100;0;0;0;0;0;18.03.2008;24.03.2008;1
20080311;IL;100;0;0;0;0;0;11.03.2008;17.03.2008;1
20080304;IL;100;0;0;0;0;0;04.03.2008;10.03.2008;1
20080226;IL;100;0;0;0;0;0;26.02.2008;03.03.2008;1
20080219;IL;100;0;0;0;0;0;19.02.2008;25.02.2008;1
20080212;IL;100;0;0;0;0;0;12.02.2008;18.02.2008;1
20080205;IL;100;0;0;0;0;0;05.02.2008;11.02.2008;1
20080129;IL;85.58;14.42;0;0;0;0;29.01.2008;04.02.2008;1
20080122;IL;85.58;14.42;0;0;0;0;22.01.2008;28.01.2008;1
20080115;IL;85.58;14.42;0;0;0;0;15.01.2008;21.01.2008;1
20080108;IL;85.58;14.42;0;0;0;0;08.01.2008;14.01.2008;1
20080101;IL;79.86;20.14;6.61;0;0;0;01.01.2008;07.01.2008;1
20071225;IL;79.86;20.14;6.61;0;0;0;25.12.2007;31.12.2007;1
20071218;IL;79.86;20.14;6.61;0;0;0;18.12.2007;24.12.2007;1
20071211;IL;64.68;35.32;12.47;0;0;0;11.12.2007;17.12.2007;1
20071204;IL;58.46;41.54;21.6;0;0;0;04.12.2007;10.12.2007;1
20071127;IL;58.51;41.49;21.44;0;0;0;27.11.2007;03.12.2007;1
20071120;IL;52.34;47.66;29.58;0;0;0;20.11.2007;26.11.2007;1
20071113;IL;52.01;47.99;29.58;0;0;0;13.11.2007;19.11.2007;1
20071106;IL;51.91;48.09;29.58;0;0;0;06.11.2007;12.11.2007;1
20071030;IL;51.91;48.09;29.58;0;0;0;30.10.2007;05.11.2007;1
20071023;IL;39.8;60.2;32.59;0;0;0;23.10.2007;29.10.2007;1
20071016;IL;36.69;63.31;55.04;20.42;0.58;0;16.10.2007;22.10.2007;1
20071009;IL;36.69;63.31;50.86;19.2;0.58;0;09.10.2007;15.10.2007;1
20071002;IL;36.69;63.31;50.86;19.2;0.58;0;02.10.2007;08.10.2007;1
20070925;IL;36.69;63.31;50.86;17.31;0.62;0;25.09.2007;01.10.2007;1
20070918;IL;41.04;58.96;48.77;16.14;0.52;0;18.09.2007;24.09.2007;1
20070911;IL;39.65;60.35;46.04;16.12;0.5;0;11.09.2007;17.09.2007;1
20070904;IL;39.97;60.03;40.97;15.58;0.5;0;04.09.2007;10.09.2007;1
20070828;IL;44.67;55.33;39.05;13.05;0.3;0;28.08.2007;03.09.2007;1
20070821;IL;39.17;60.83;36.36;4.08;0.26;0;21.08.2007;27.08.2007;1
20070814;IL;49.61;50.39;30.87;1.44;0;0;14.08.2007;20.08.2007;1
20070807;IL;49.64;50.36;4.85;0.08;0;0;07.08.2007;13.08.2007;1
20070731;IL;70.53;29.47;0.43;0;0;0;31.07.2007;06.08.2007;1
20070724;IL;90.77;9.23;0;0;0;0;24.07.2007;30.07.2007;1
20070717;IL;89.77;10.23;0;0;0;0;17.07.2007;23.07.2007;1
20070710;IL;92.13;7.87;0;0;0;0;10.07.2007;16.07.2007;1
20070703;IL;92.13;7.87;0;0;0;0;03.07.2007;09.07.2007;1
20070626;IL;64.76;35.24;3.88;0;0;0;26.06.2007;02.07.2007;1
20070619;IL;36.38;63.62;7.37;0;0;0;19.06.2007;25.06.2007;1
20070612;IL;39.31;60.69;0.02;0;0;0;12.06.2007;18.06.2007;1
20070605;IL;91.11;8.89;0.02;0;0;0;05.06.2007;11.06.2007;1
20070529;IL;97.62;2.38;0;0;0;0;29.05.2007;04.06.2007;1
20070522;IL;97.62;2.38;0;0;0;0;22.05.2007;28.05.2007;1
20070515;IL;100;0;0;0;0;0;15.05.2007;21.05.2007;1
20070508;IL;100;0;0;0;0;0;08.05.2007;14.05.2007;1
20070501;IL;100;0;0;0;0;0;01.05.2007;07.05.2007;1
20070424;IL;100;0;0;0;0;0;24.04.2007;30.04.2007;1
20070417;IL;100;0;0;0;0;0;17.04.2007;23.04.2007;1
20070410;IL;100;0;0;0;0;0;10.04.2007;16.04.2007;1
20070403;IL;100;0;0;0;0;0;03.04.2007;09.04.2007;1
20070327;IL;100;0;0;0;0;0;27.03.2007;02.04.2007;1
20070320;IL;100;0;0;0;0;0;20.03.2007;26.03.2007;1
20070313;IL;100;0;0;0;0;0;13.03.2007;19.03.2007;1
20070306;IL;100;0;0;0;0;0;06.03.2007;12.03.2007;1
20070227;IL;100;0;0;0;0;0;27.02.2007;05.03.2007;1
20070220;IL;97.59;2.41;0;0;0;0;20.02.2007;26.02.2007;1
20070213;IL;97.59;2.41;0;0;0;0;13.02.2007;19.02.2007;1
20070206;IL;97.59;2.41;0;0;0;0;06.02.2007;12.02.2007;1
20070130;IL;97.59;2.41;0;0;0;0;30.01.2007;05.02.2007;1
20070123;IL;97.59;2.41;0;0;0;0;23.01.2007;29.01.2007;1
20070116;IL;95.72;4.28;0.18;0;0;0;16.01.2007;22.01.2007;1
20070109;IL;94.31;5.69;0.18;0;0;0;09.01.2007;15.01.2007;1
20070102;IL;94.68;5.32;0.18;0;0;0;02.01.2007;08.01.2007;1
20061226;IL;95.01;4.99;0.18;0;0;0;26.12.2006;01.01.2007;1
20061219;IL;95.01;4.99;0.18;0;0;0;19.12.2006;25.12.2006;1
20061212;IL;95.84;4.16;0;0;0;0;12.12.2006;18.12.2006;1
20061205;IL;97.61;2.39;0;0;0;0;05.12.2006;11.12.2006;1
20061128;IL;74.16;25.84;10.1;0;0;0;28.11.2006;04.12.2006;1
20061121;IL;74.34;25.66;9.94;0;0;0;21.11.2006;27.11.2006;1
20061114;IL;78.31;21.69;9.71;0;0;0;14.11.2006;20.11.2006;1
20061107;IL;78.31;21.69;9.71;0;0;0;07.11.2006;13.11.2006;1
20061031;IL;78.31;21.69;9.71;0;0;0;31.10.2006;06.11.2006;1
20061024;IL;76.18;23.82;10.58;0;0;0;24.10.2006;30.10.2006;1
20061017;IL;45.11;54.89;15.31;0;0;0;17.10.2006;23.10.2006;1
20061010;IL;45.11;54.89;15.31;0;0;0;10.10.2006;16.10.2006;1
20061003;IL;70.36;29.64;9.58;0;0;0;03.10.2006;09.10.2006;1
20060926;IL;70.85;29.15;7.86;0;0;0;26.09.2006;02.10.2006;1
20060919;IL;70.97;29.03;7.86;0;0;0;19.09.2006;25.09.2006;1
20060912;IL;70.97;29.03;7.76;0;0;0;12.09.2006;18.09.2006;1
20060905;IL;71.68;28.32;7.94;0;0;0;05.09.2006;11.09.2006;1
20060829;IL;71.68;28.32;10.99;0;0;0;29.08.2006;04.09.2006;1
20060822;IL;59.25;40.75;10.23;0;0;0;22.08.2006;28.08.2006;1
20060815;IL;73.79;26.21;8.21;0;0;0;15.08.2006;21.08.2006;1
20060808;IL;68.98;31.02;10.43;0;0;0;08.08.2006;14.08.2006;1
20060801;IL;77.74;22.26;4.25;0;0;0;01.08.2006;07.08.2006;1
20060725;IL;78;22;4.36;0;0;0;25.07.2006;31.07.2006;1
20060718;IL;69.69;30.31;4.36;0;0;0;18.07.2006;24.07.2006;1
20060711;IL;55.75;44.25;4.3;0;0;0;11.07.2006;17.07.2006;1
20060704;IL;72.01;27.99;4.3;0;0;0;04.07.2006;10.07.2006;1
20060627;IL;72.04;27.96;4.3;0;0;0;27.06.2006;03.07.2006;1
20060620;IL;58.64;41.36;3.84;0;0;0;20.06.2006;26.06.2006;1
20060613;IL;90.21;9.79;1.83;0;0;0;13.06.2006;19.06.2006;1
20060606;IL;94.74;5.26;0;0;0;0;06.06.2006;12.06.2006;1
20060530;IL;79.78;20.22;2.11;0;0;0;30.05.2006;05.06.2006;1
20060523;IL;80.11;19.89;2.11;0;0;0;23.05.2006;29.05.2006;1
20060516;IL;80.11;19.89;2.11;0;0;0;16.05.2006;22.05.2006;1
20060509;IL;78.29;21.71;2.11;0;0;0;09.05.2006;15.05.2006;1
20060502;IL;77.26;22.74;1.81;0;0;0;02.05.2006;08.05.2006;1
20060425;IL;47.57;52.43;10.88;0;0;0;25.04.2006;01.05.2006;1
20060418;IL;39.68;60.32;17.33;0;0;0;18.04.2006;24.04.2006;1
20060411;IL;41.56;58.44;39.18;7.28;0;0;11.04.2006;17.04.2006;1
20060404;IL;33.1;66.9;46.63;9.66;0;0;04.04.2006;10.04.2006;1
20060328;IL;35.84;64.16;51.74;38.51;0;0;28.03.2006;03.04.2006;1
20060321;IL;35.62;64.38;51.74;38.51;0;0;21.03.2006;27.03.2006;1
20060314;IL;35.62;64.38;51.94;38.51;0;0;14.03.2006;20.03.2006;1
20060307;IL;4.35;95.65;74.99;46.19;0;0;07.03.2006;13.03.2006;1
20060228;IL;13.52;86.48;59.26;46.19;0;0;28.02.2006;06.03.2006;1
20060221;IL;34.99;65.01;54.34;27.67;0;0;21.02.2006;27.02.2006;1
20060214;IL;34.14;65.86;52.63;28.29;0;0;14.02.2006;20.02.2006;1
20060207;IL;35.7;64.3;52.63;28.29;0;0;07.02.2006;13.02.2006;1
20060131;IL;35.7;64.3;52.63;28.29;5.24;0;31.01.2006;06.02.2006;1
20060124;IL;32.24;67.76;54.49;35.48;23.15;0;24.01.2006;30.01.2006;1
20060117;IL;32.24;67.76;54.49;35.48;23.15;0;17.01.2006;23.01.2006;1
20060110;IL;33.66;66.34;56.16;35.61;18.93;0;10.01.2006;16.01.2006;1
20060103;IL;34.16;65.84;53.47;33.81;18.5;0;03.01.2006;09.01.2006;1
20051227;IL;34.19;65.81;53.47;36.68;22.33;0;27.12.2005;02.01.2006;1
20250422;NE;2.51;97.49;90.32;34.65;6.09;0;22.04.2025;28.04.2025;1
20250415;NE;2.75;97.25;89.45;33.62;6.09;0;15.04.2025;21.04.2025;1
20250408;NE;2.75;97.25;75.62;33.62;6.09;0;08.04.2025;14.04.2025;1
20250401;NE;1.22;98.78;75.64;37.07;6.51;0;01.04.2025;07.04.2025;1
20250325;NE;1.83;98.17;75.64;42.32;8.2;0;25.03.2025;31.03.2025;1
20250318;NE;1.83;98.17;91.45;42.45;8.2;0;18.03.2025;24.03.2025;1
20250311;NE;1.83;98.17;91.23;43.09;8.2;0;11.03.2025;17.03.2025;1
20250304;NE;1.61;98.39;90.79;47.7;8.36;0;04.03.2025;10.03.2025;1
20250225;NE;1.61;98.39;90.79;47.7;8.36;0;25.02.2025;03.03.2025;1
20250218;NE;1.61;98.39;90.79;47.7;8.36;0;18.02.2025;24.02.2025;1
20250211;NE;0.26;99.74;91.48;47.91;8.36;0;11.02.2025;17.02.2025;1
20250204;NE;2.39;97.61;88.27;45.99;8.36;0;04.02.2025;10.02.2025;1
20250128;NE;2.39;97.61;88.77;45.99;8.16;0;28.01.2025;03.02.2025;1
20250121;NE;2.39;97.61;88.77;45.99;8.16;0;21.01.2025;27.01.2025;1
20250114;NE;2.39;97.61;88.77;45.99;8.16;0;14.01.2025;20.01.2025;1
20250107;NE;2.39;97.61;84.11;45.99;8.16;0;07.01.2025;13.01.2025;1
20241231;NE;4.54;95.46;84.11;45.99;8.16;0;31.12.2024;06.01.2025;1
20241224;NE;4.54;95.46;84.11;45.99;7.02;0;24.12.2024;30.12.2024;1
20241217;NE;6.13;93.87;83.77;44.03;6.87;0;17.12.2024;23.12.2024;1
20241210;NE;6.14;93.86;83.78;44.03;8.31;0;10.12.2024;16.12.2024;1
20241203;NE;6.14;93.86;83.78;44.03;8.31;0;03.12.2024;09.12.2024;1
20241126;NE;6.14;93.86;83.79;44.03;8.31;0;26.11.2024;02.12.2024;1
20241119;NE;6.14;93.86;83.78;47.43;8.31;0;19.11.2024;25.11.2024;1
20241112;NE;6.11;93.89;85.64;70.86;8.7;0;12.11.2024;18.11.2024;1
20241105;NE;0;100;88.72;71.83;7.82;0;05.11.2024;11.11.2024;1
20241029;NE;0;100;89.08;76.22;7.82;0;29.10.2024;04.11.2024;1
20241022;NE;0;100;87.88;50.92;1.31;0;22.10.2024;28.10.2024;1
20241015;NE;0;100;82.82;47.59;0.11;0;15.10.2024;21.10.2024;1
20241008;NE;4.1;95.9;73.53;32.9;0.11;0;08.10.2024;14.10.2024;1
20241001;NE;7.23;92.77;48.35;14.08;0;0;01.10.2024;07.10.2024;1
20240924;NE;19.34;80.66;41.38;9.36;0;0;24.09.2024;30.09.2024;1
20240917;NE;20.14;79.86;34.71;8.88;0;0;17.09.2024;23.09.2024;1
20240910;NE;23.38;76.62;27.57;6.01;0;0;10.09.2024;16.09.2024;1
20240903;NE;32.47;67.53;27.5;6.01;0;0;03.09.2024;09.09.2024;1
20240827;NE;42.6;57.4;24.04;5.8;0;0;27.08.2024;02.09.2024;1
20240820;NE;39.87;60.13;19.19;5.8;0;0;20.08.2024;26.08.2024;1
20240813;NE;50.51;49.49;13.32;3.77;0;0;13.08.2024;19.08.2024;1
20240806;NE;52.02;47.98;11.32;4.25;0;0;06.08.2024;12.08.2024;1
20240730;NE;73.3;26.7;7.8;3.01;0;0;30.07.2024;05.08.2024;1
20240723;NE;81.45;18.55;5.61;0.67;0;0;23.07.2024;29.07.2024;1
20240716;NE;82.65;17.35;4.67;0;0;0;16.07.2024;22.07.2024;1
20240709;NE;85.62;14.38;4.17;0;0;0;09.07.2024;15.07.2024;1
20240702;NE;80.86;19.14;4.17;0;0;0;02.07.2024;08.07.2024;1
20240625;NE;81.83;18.17;3.26;0;0;0;25.06.2024;01.07.2024;1
20240618;NE;81.04;18.96;3.16;0;0;0;18.06.2024;24.06.2024;1
20240611;NE;78.7;21.3;1.11;0;0;0;11.06.2024;17.06.2024;1
20240604;NE;84.44;15.56;1.69;0;0;0;04.06.2024;10.06.2024;1
20240528;NE;80.15;19.85;6.08;0;0;0;28.05.2024;03.06.2024;1
20240521;NE;81.72;18.28;6.66;0;0;0;21.05.2024;27.05.2024;1
20240514;NE;75.44;24.56;9.29;0;0;0;14.05.2024;20.05.2024;1
20240507;NE;76.88;23.12;9.57;0;0;0;07.05.2024;13.05.2024;1
20240430;NE;75.23;24.77;17.4;5.04;0;0;30.04.2024;06.05.2024;1
20240423;NE;72.17;27.83;19.72;6.15;0;0;23.04.2024;29.04.2024;1
20240416;NE;70.38;29.62;20.03;6.14;0;0;16.04.2024;22.04.2024;1
20240409;NE;71.55;28.45;19.96;6.14;0;0;09.04.2024;15.04.2024;1
20240402;NE;71.55;28.45;19.96;6.14;0;0;02.04.2024;08.04.2024;1
20240326;NE;71.49;28.51;19.96;6.14;0;0;26.03.2024;01.04.2024;1
20240319;NE;61.3;38.7;24.53;12.08;0;0;19.03.2024;25.03.2024;1
20240312;NE;67.52;32.48;24.53;12.08;0;0;12.03.2024;18.03.2024;1
20240305;NE;65.6;34.4;24.53;12.08;0;0;05.03.2024;11.03.2024;1
20240227;NE;65.67;34.33;24.53;12.08;0;0;27.02.2024;04.03.2024;1
20240220;NE;65.67;34.33;24.53;12.08;0;0;20.02.2024;26.02.2024;1
20240213;NE;65.67;34.33;24.53;12.08;0;0;13.02.2024;19.02.2024;1
20240206;NE;64.36;35.64;24.88;12.08;0;0;06.02.2024;12.02.2024;1
20240130;NE;61.28;38.72;25.48;13.21;0;0;30.01.2024;05.02.2024;1
20240123;NE;61.28;38.72;25.48;13.21;0;0;23.01.2024;29.01.2024;1
20240116;NE;61.24;38.76;26.02;13.87;6.63;0;16.01.2024;22.01.2024;1
20240109;NE;61.24;38.76;26.02;14.8;6.63;0;09.01.2024;15.01.2024;1
20240102;NE;60.04;39.96;26.38;18.81;7.18;0.17;02.01.2024;08.01.2024;1
20231226;NE;60.04;39.96;26.38;19.56;9.66;2.08;26.12.2023;01.01.2024;1
20231219;NE;57.64;42.36;27.02;20.47;10.88;2.6;19.12.2023;25.12.2023;1
20231212;NE;57.56;42.44;27.03;20.47;10.9;3.71;12.12.2023;18.12.2023;1
20231205;NE;59.51;40.49;27.03;20.47;10.9;3.71;05.12.2023;11.12.2023;1
20231128;NE;59.51;40.49;27.08;20.47;10.9;3.71;28.11.2023;04.12.2023;1
20231121;NE;58.67;41.33;27.08;20.47;10.9;3.71;21.11.2023;27.11.2023;1
20231114;NE;58.52;41.48;27.08;20.47;10.9;4.65;14.11.2023;20.11.2023;1
20231107;NE;60.21;39.79;25.62;20.47;10.9;4.65;07.11.2023;13.11.2023;1
20231031;NE;59.83;40.17;24.81;20.36;10.9;4.65;31.10.2023;06.11.2023;1
20231024;NE;38.77;61.23;32.53;21.89;10.9;4.65;24.10.2023;30.10.2023;1
20231017;NE;39.41;60.59;32.53;21.89;10.9;4.65;17.10.2023;23.10.2023;1
20231010;NE;32.84;67.16;45.05;26.66;13.89;4.65;10.10.2023;16.10.2023;1
20231003;NE;34;66;45.05;27.38;14.02;4.65;03.10.2023;09.10.2023;1
20230926;NE;35.05;64.95;44.76;27.38;14.02;4.65;26.09.2023;02.10.2023;1
20230919;NE;30.99;69.01;47.95;28.55;15.28;4.76;19.09.2023;25.09.2023;1
20230912;NE;31.54;68.46;47.95;28.55;14.09;1.31;12.09.2023;18.09.2023;1
20230905;NE;30.79;69.21;50.33;28.4;14.41;1.31;05.09.2023;11.09.2023;1
20230829;NE;31.34;68.66;50.23;28.4;14.24;1.31;29.08.2023;04.09.2023;1
20230822;NE;29.55;70.45;52.22;29.22;14.62;1.31;22.08.2023;28.08.2023;1
20230815;NE;29.55;70.45;52.21;29.22;14.62;1.31;15.08.2023;21.08.2023;1
20230808;NE;27.1;72.9;53.27;29.44;14.62;1.31;08.08.2023;14.08.2023;1
20230801;NE;22.8;77.2;64.26;31.9;15.7;2.63;01.08.2023;07.08.2023;1
20230725;NE;22.52;77.48;68.01;46.25;19.27;2.63;25.07.2023;31.07.2023;1
20230718;NE;22.47;77.53;68.01;47.92;19.81;2.63;18.07.2023;24.07.2023;1
20230711;NE;22.54;77.46;67.99;47.92;22.08;4.84;11.07.2023;17.07.2023;1
20230704;NE;18.25;81.75;72.52;48.63;25.48;11.47;04.07.2023;10.07.2023;1
20230627;NE;10.98;89.02;74.97;52.87;26.12;13.15;27.06.2023;03.07.2023;1
20230620;NE;1.29;98.71;75.97;54.69;25.35;11.99;20.06.2023;26.06.2023;1
20230613;NE;1.78;98.22;75.24;57.32;20.25;10.86;13.06.2023;19.06.2023;1
20230606;NE;0.59;99.41;79.59;57.32;20.25;10.86;06.06.2023;12.06.2023;1
20230530;NE;0.6;99.4;84.41;60.36;20.51;10.86;30.05.2023;05.06.2023;1
20230523;NE;0.59;99.41;86.82;71.08;18.59;6.92;23.05.2023;29.05.2023;1
20230516;NE;0.59;99.41;86.82;70.73;16.49;4.91;16.05.2023;22.05.2023;1
20230509;NE;0.53;99.47;98.99;80.86;48.12;6.2;09.05.2023;15.05.2023;1
20230502;NE;0.53;99.47;98.99;80.86;47.18;6.28;02.05.2023;08.05.2023;1
20230425;NE;0.84;99.16;98.98;77.07;45.41;6.28;25.04.2023;01.05.2023;1
20230418;NE;0.37;99.63;98.54;78.24;28.91;5.09;18.04.2023;24.04.2023;1
20230411;NE;0.37;99.63;98.33;78.66;28.97;5.09;11.04.2023;17.04.2023;1
20230404;NE;0.37;99.63;98.32;78.66;32.56;5.09;04.04.2023;10.04.2023;1
20230328;NE;0.37;99.63;98.59;79.36;32.56;5.09;28.03.2023;03.04.2023;1
20230321;NE;0.37;99.63;98.59;78.57;33.96;5.09;21.03.2023;27.03.2023;1
20230314;NE;0.37;99.63;98.59;78.57;33.96;5.09;14.03.2023;20.03.2023;1
20230307;NE;0.26;99.74;98.68;78.57;33.96;5.09;07.03.2023;13.03.2023;1
20230228;NE;0.26;99.74;98.39;77.07;40.07;6.12;28.02.2023;06.03.2023;1
20230221;NE;0.03;99.97;99.04;79.1;40.07;9.22;21.02.2023;27.02.2023;1
20230214;NE;0;100;99.21;79.82;40.07;9.97;14.02.2023;20.02.2023;1
20230207;NE;0;100;99.71;83.88;45.13;9.97;07.02.2023;13.02.2023;1
20230131;NE;0;100;99.71;83.88;45.13;9.97;31.01.2023;06.02.2023;1
20230124;NE;0;100;99.71;83.88;45.13;9.97;24.01.2023;30.01.2023;1
20230117;NE;0;100;99.78;83.95;45.24;9.98;17.01.2023;23.01.2023;1
20230110;NE;0;100;99.78;83.95;45.24;9.98;10.01.2023;16.01.2023;1
20230103;NE;0;100;99.78;83.95;46.3;12.35;03.01.2023;09.01.2023;1
20221227;NE;0;100;99.78;83.95;56.71;17.17;27.12.2022;02.01.2023;1
20221220;NE;0;100;99.78;83.95;56.71;17.17;20.12.2022;26.12.2022;1
20221213;NE;0;100;99.78;85.15;58.39;17.37;13.12.2022;19.12.2022;1
20221206;NE;0;100;99.78;85.15;58.39;17.37;06.12.2022;12.12.2022;1
20221129;NE;0;100;99.78;85.15;58.39;17.37;29.11.2022;05.12.2022;1
20221122;NE;0;100;99.78;85.15;58.39;17.37;22.11.2022;28.11.2022;1
20221115;NE;0;100;99.78;84.62;58.39;17.37;15.11.2022;21.11.2022;1
20221108;NE;0;100;99.78;84.45;58.39;14.89;08.11.2022;14.11.2022;1
20221101;NE;0;100;99.78;83.84;51.04;11.5;01.11.2022;07.11.2022;1
20221025;NE;0;100;99.78;83.44;51.01;11.5;25.10.2022;31.10.2022;1
20221018;NE;0;100;98.39;81.19;42.42;11.49;18.10.2022;24.10.2022;1
20221011;NE;0;100;98.39;80.44;33.68;11.49;11.10.2022;17.10.2022;1
20221004;NE;0;100;98.37;76.77;31.81;11.49;04.10.2022;10.10.2022;1
20220927;NE;0;100;94.94;74.27;30.52;10.5;27.09.2022;03.10.2022;1
20220920;NE;0;100;95.23;72.82;30.4;10.5;20.09.2022;26.09.2022;1
20220913;NE;0;100;87.58;64.98;29.09;10.5;13.09.2022;19.09.2022;1
20220906;NE;0;100;86.27;62.68;27.73;10.47;06.09.2022;12.09.2022;1
20220830;NE;0.14;99.86;84.62;59.61;20.1;6.09;30.08.2022;05.09.2022;1
20220823;NE;5.46;94.54;76.36;49.14;18.22;4.63;23.08.2022;29.08.2022;1
20220816;NE;4.98;95.02;76.46;49.07;16.91;4.63;16.08.2022;22.08.2022;1
20220809;NE;4.52;95.48;80.44;50.16;18.17;4.63;09.08.2022;15.08.2022;1
20220802;NE;10.37;89.63;76.51;46.78;12.29;0.52;02.08.2022;08.08.2022;1
20220726;NE;11.07;88.93;76.22;44.02;12.29;0;26.07.2022;01.08.2022;1
20220719;NE;13.22;86.78;75.74;43.98;9.54;0;19.07.2022;25.07.2022;1
20220712;NE;12.98;87.02;75.48;41.28;9.56;0;12.07.2022;18.07.2022;1
20220705;NE;12.59;87.41;76.41;43.07;8.76;0;05.07.2022;11.07.2022;1
20220628;NE;11.75;88.25;82.83;43.6;6.95;0;28.06.2022;04.07.2022;1
20220621;NE;11.75;88.25;82.83;42.42;3.83;0;21.06.2022;27.06.2022;1
20220614;NE;9.18;90.82;83.11;39.45;3.83;0;14.06.2022;20.06.2022;1
20220607;NE;5.68;94.32;87.77;44.59;4.13;0;07.06.2022;13.06.2022;1
20220531;NE;5.8;94.2;88.38;44.69;4.95;0;31.05.2022;06.06.2022;1
20220524;NE;1.93;98.07;93.52;46.97;7.55;0;24.05.2022;30.05.2022;1
20220517;NE;1.93;98.07;93.52;47.69;7.55;0;17.05.2022;23.05.2022;1
20220510;NE;1.93;98.07;93.52;47.69;5.3;0;10.05.2022;16.05.2022;1
20220503;NE;1.93;98.07;93.62;61.78;11.93;0;03.05.2022;09.05.2022;1
20220426;NE;0.95;99.05;96.41;75.59;22.13;0;26.04.2022;02.05.2022;1
20220419;NE;0.98;99.02;96.43;73.54;22.13;0;19.04.2022;25.04.2022;1
20220412;NE;0.98;99.02;96.43;61.77;9.74;0;12.04.2022;18.04.2022;1
20220405;NE;1.03;98.97;96.43;59.19;3.8;0;05.04.2022;11.04.2022;1
20220329;NE;1.03;98.97;95.06;59.19;3.8;0;29.03.2022;04.04.2022;1
20220322;NE;0.61;99.39;94.95;44.66;1.38;0;22.03.2022;28.03.2022;1
20220315;NE;0;100;98.73;46.65;1.38;0;15.03.2022;21.03.2022;1
20220308;NE;0;100;98.2;37.86;0;0;08.03.2022;14.03.2022;1
20220301;NE;0;100;98.2;37.86;0;0;01.03.2022;07.03.2022;1
20220222;NE;0.05;99.95;91.2;15.19;0;0;22.02.2022;28.02.2022;1
20220215;NE;0.16;99.84;91.2;14.09;0;0;15.02.2022;21.02.2022;1
20220208;NE;2.26;97.74;74.19;14.03;0;0;08.02.2022;14.02.2022;1
20220201;NE;8.31;91.69;38.09;13.28;0;0;01.02.2022;07.02.2022;1
20220125;NE;9.49;90.51;35.08;13.28;0;0;25.01.2022;31.01.2022;1
20220118;NE;18;82;34.82;12.96;0;0;18.01.2022;24.01.2022;1
20220111;NE;18.06;81.94;34.76;12.96;2.91;0;11.01.2022;17.01.2022;1
20220104;NE;18.24;81.76;34.54;13.1;2.91;0;04.01.2022;10.01.2022;1
20211228;NE;18.35;81.65;34.62;13.1;2.91;0;28.12.2021;03.01.2022;1
20211221;NE;18.4;81.6;31.61;12.84;2.91;0;21.12.2021;27.12.2021;1
20211214;NE;23.16;76.84;31.73;12.86;2.91;0;14.12.2021;20.12.2021;1
20211207;NE;30.5;69.5;32.28;14.49;2.91;0;07.12.2021;13.12.2021;1
20211130;NE;30.5;69.5;31.66;14.49;2.91;0;30.11.2021;06.12.2021;1
20211123;NE;30.5;69.5;31.66;14.31;2.32;0;23.11.2021;29.11.2021;1
20211116;NE;30.62;69.38;31.57;13.98;2.32;0;16.11.2021;22.11.2021;1
20211109;NE;30.61;69.39;31.57;13.98;2.32;0;09.11.2021;15.11.2021;1
20211102;NE;30.61;69.39;31.57;13.98;2.32;0;02.11.2021;08.11.2021;1
20211026;NE;19.85;80.15;39.68;15.06;2.8;0;26.10.2021;01.11.2021;1
20211019;NE;18.83;81.17;39.75;15.05;2.78;0;19.10.2021;25.10.2021;1
20211012;NE;18.9;81.1;40.67;16.9;3.58;0;12.10.2021;18.10.2021;1
20211005;NE;21.77;78.23;40.12;15.63;2.13;0;05.10.2021;11.10.2021;1
20210928;NE;14.89;85.11;42.2;15.71;0.72;0;28.09.2021;04.10.2021;1
20210921;NE;15.37;84.63;40.08;14.83;0.72;0;21.09.2021;27.09.2021;1
20210914;NE;15.53;84.47;38.04;15.86;0.77;0;14.09.2021;20.09.2021;1
20210907;NE;18.36;81.64;37.81;13.99;0.77;0;07.09.2021;13.09.2021;1
20210831;NE;17.35;82.65;38.94;11.71;0.77;0;31.08.2021;06.09.2021;1
20210824;NE;13.63;86.37;48.14;12.79;2.15;0;24.08.2021;30.08.2021;1
20210817;NE;15.79;84.21;45.13;9.5;1.78;0;17.08.2021;23.08.2021;1
20210810;NE;17.65;82.35;37.07;8.47;0.53;0;10.08.2021;16.08.2021;1
20210803;NE;24.52;75.48;28.43;5.73;0.48;0;03.08.2021;09.08.2021;1
20210727;NE;30.92;69.08;25.88;3.07;0.48;0;27.07.2021;02.08.2021;1
20210720;NE;31.52;68.48;21.77;2.15;0;0;20.07.2021;26.07.2021;1
20210713;NE;31.72;68.28;17.89;2.6;0.68;0;13.07.2021;19.07.2021;1
20210706;NE;31.07;68.93;21.43;4.73;0.94;0;06.07.2021;12.07.2021;1
20210629;NE;36.7;63.3;15.35;4.73;0.94;0;29.06.2021;05.07.2021;1
20210622;NE;32.31;67.69;18.18;4.87;0.94;0;22.06.2021;28.06.2021;1
20210615;NE;44.01;55.99;12.03;1.91;0;0;15.06.2021;21.06.2021;1
20210608;NE;55.28;44.72;8.75;1.91;0;0;08.06.2021;14.06.2021;1
20210601;NE;69.52;30.48;4.34;0;0;0;01.06.2021;07.06.2021;1
20210525;NE;61.55;38.45;2.15;0;0;0;25.05.2021;31.05.2021;1
20210518;NE;54.62;45.38;15.61;0;0;0;18.05.2021;24.05.2021;1
20210511;NE;40.63;59.37;21.88;0;0;0;11.05.2021;17.05.2021;1
20210504;NE;39.64;60.36;21.26;0;0;0;04.05.2021;10.05.2021;1
20210427;NE;37.78;62.22;23.41;7;0;0;27.04.2021;03.05.2021;1
20210420;NE;37.78;62.22;23.4;7;0;0;20.04.2021;26.04.2021;1
20210413;NE;38.65;61.35;23.4;7;0;0;13.04.2021;19.04.2021;1
20210406;NE;38.65;61.35;23.43;7;0;0;06.04.2021;12.04.2021;1
20210330;NE;38.65;61.35;23.43;7;0;0;30.03.2021;05.04.2021;1
20210323;NE;33.61;66.39;23.43;7;0;0;23.03.2021;29.03.2021;1
20210316;NE;20.12;79.88;26.07;9.09;0;0;16.03.2021;22.03.2021;1
20210309;NE;0;100;79.73;23.64;9.34;0;09.03.2021;15.03.2021;1
20210302;NE;0.19;99.81;79.56;23.64;9.34;0;02.03.2021;08.03.2021;1
20210223;NE;0.21;99.79;79.56;23.64;9.34;0;23.02.2021;01.03.2021;1
20210216;NE;0.21;99.79;79.56;28.31;9.38;0;16.02.2021;22.02.2021;1
20210209;NE;0.06;99.94;87.05;45.29;24.37;0;09.02.2021;15.02.2021;1
20210202;NE;0.06;99.94;87.05;45.29;24.37;0;02.02.2021;08.02.2021;1
20210126;NE;0;100;93.69;45.61;24.41;0;26.01.2021;01.02.2021;1
20210119;NE;0;100;100;51.03;24.41;0;19.01.2021;25.01.2021;1
20210112;NE;0;100;100;50.95;24.41;0;12.01.2021;18.01.2021;1
20210105;NE;0;100;99.23;50.99;24.41;0;05.01.2021;11.01.2021;1
20201229;NE;0;100;99.13;50.99;24.41;0;29.12.2020;04.01.2021;1
20201222;NE;0;100;99.13;50.99;24.41;0;22.12.2020;28.12.2020;1
20201215;NE;0;100;99.13;50.99;24.41;0;15.12.2020;21.12.2020;1
20201208;NE;0;100;99.13;50.92;24.41;0;08.12.2020;14.12.2020;1
20201201;NE;0;100;93.44;48.81;24.41;0;01.12.2020;07.12.2020;1
20201124;NE;0;100;89.51;49.58;24.41;0;24.11.2020;30.11.2020;1
20201117;NE;0;100;89.51;44.66;11.96;0;17.11.2020;23.11.2020;1
20201110;NE;0;100;89.51;44.8;11.96;0;10.11.2020;16.11.2020;1
20201103;NE;0;100;89.44;51.35;11.96;0;03.11.2020;09.11.2020;1
20201027;NE;0;100;85.77;49.61;11.96;0;27.10.2020;02.11.2020;1
20201020;NE;0;100;85.77;49.55;13.45;0;20.10.2020;26.10.2020;1
20201013;NE;0;100;80.94;45.54;11.3;0;13.10.2020;19.10.2020;1
20201006;NE;1.64;98.36;80.63;44.15;9.41;0;06.10.2020;12.10.2020;1
20200929;NE;1.64;98.36;77.26;32.68;7.56;0;29.09.2020;05.10.2020;1
20200922;NE;12.36;87.64;57.35;28.94;6.2;0;22.09.2020;28.09.2020;1
20200915;NE;22.11;77.89;53.44;23.52;0.59;0;15.09.2020;21.09.2020;1
20200908;NE;19.33;80.67;55.91;25.92;2.48;0;08.09.2020;14.09.2020;1
20200901;NE;19.35;80.65;48.67;19.68;0.62;0;01.09.2020;07.09.2020;1
20200825;NE;31.62;68.38;40.16;16.2;0;0;25.08.2020;31.08.2020;1
20200818;NE;45.16;54.84;39.59;14.95;0;0;18.08.2020;24.08.2020;1
20200811;NE;44.5;55.5;38.75;12.58;0;0;11.08.2020;17.08.2020;1
20200804;NE;44.11;55.89;33.56;6.82;0;0;04.08.2020;10.08.2020;1
20200728;NE;42.46;57.54;32.36;4.46;0;0;28.07.2020;03.08.2020;1
20200721;NE;42.26;57.74;22.92;1.11;0;0;21.07.2020;27.07.2020;1
20200714;NE;40.94;59.06;18.7;0.25;0;0;14.07.2020;20.07.2020;1
20200707;NE;57.45;42.55;13.44;0.25;0;0;07.07.2020;13.07.2020;1
20200630;NE;64.15;35.85;5.57;0;0;0;30.06.2020;06.07.2020;1
20200623;NE;76.33;23.67;4.45;0;0;0;23.06.2020;29.06.2020;1
20200616;NE;83.6;16.4;0.1;0;0;0;16.06.2020;22.06.2020;1
20200609;NE;86.87;13.13;0;0;0;0;09.06.2020;15.06.2020;1
20200602;NE;86.6;13.4;0;0;0;0;02.06.2020;08.06.2020;1
20200526;NE;88.35;11.65;0;0;0;0;26.05.2020;01.06.2020;1
20200519;NE;73.48;26.52;0;0;0;0;19.05.2020;25.05.2020;1
20200512;NE;80.82;19.18;0;0;0;0;12.05.2020;18.05.2020;1
20200505;NE;87.73;12.27;0;0;0;0;05.05.2020;11.05.2020;1
20200428;NE;88.02;11.98;0.01;0;0;0;28.04.2020;04.05.2020;1
20200421;NE;95.45;4.55;0.01;0;0;0;21.04.2020;27.04.2020;1
20200414;NE;99.63;0.37;0.01;0;0;0;14.04.2020;20.04.2020;1
20200407;NE;99.63;0.37;0.01;0;0;0;07.04.2020;13.04.2020;1
20200331;NE;95.88;4.12;0;0;0;0;31.03.2020;06.04.2020;1
20200324;NE;95.88;4.12;0;0;0;0;24.03.2020;30.03.2020;1
20200317;NE;95.61;4.39;0;0;0;0;17.03.2020;23.03.2020;1
20200310;NE;95.61;4.39;0;0;0;0;10.03.2020;16.03.2020;1
20200303;NE;95.61;4.39;0;0;0;0;03.03.2020;09.03.2020;1
20200225;NE;95.61;4.39;0;0;0;0;25.02.2020;02.03.2020;1
20200218;NE;95.61;4.39;0;0;0;0;18.02.2020;24.02.2020;1
20200211;NE;95.61;4.39;0;0;0;0;11.02.2020;17.02.2020;1
20200204;NE;95.61;4.39;0;0;0;0;04.02.2020;10.02.2020;1
20200128;NE;95.61;4.39;0;0;0;0;28.01.2020;03.02.2020;1
20200121;NE;95.61;4.39;0;0;0;0;21.01.2020;27.01.2020;1
20200114;NE;97.47;2.53;0;0;0;0;14.01.2020;20.01.2020;1
20200107;NE;97.47;2.53;0;0;0;0;07.01.2020;13.01.2020;1
20191231;NE;97.47;2.53;0;0;0;0;31.12.2019;06.01.2020;1
20191224;NE;97.47;2.53;0;0;0;0;24.12.2019;30.12.2019;1
20191217;NE;97.47;2.53;0;0;0;0;17.12.2019;23.12.2019;1
20191210;NE;97.47;2.53;0;0;0;0;10.12.2019;16.12.2019;1
20191203;NE;97.53;2.47;0;0;0;0;03.12.2019;09.12.2019;1
20191126;NE;97.47;2.53;0;0;0;0;26.11.2019;02.12.2019;1
20191119;NE;97.47;2.53;0;0;0;0;19.11.2019;25.11.2019;1
20191112;NE;98.43;1.57;0;0;0;0;12.11.2019;18.11.2019;1
20191105;NE;98.43;1.57;0;0;0;0;05.11.2019;11.11.2019;1
20191029;NE;98.43;1.57;0;0;0;0;29.10.2019;04.11.2019;1
20191022;NE;98.43;1.57;0;0;0;0;22.10.2019;28.10.2019;1
20191015;NE;100;0;0;0;0;0;15.10.2019;21.10.2019;1
20191008;NE;100;0;0;0;0;0;08.10.2019;14.10.2019;1
20191001;NE;100;0;0;0;0;0;01.10.2019;07.10.2019;1
20190924;NE;100;0;0;0;0;0;24.09.2019;30.09.2019;1
20190917;NE;100;0;0;0;0;0;17.09.2019;23.09.2019;1
20190910;NE;98.93;1.07;0;0;0;0;10.09.2019;16.09.2019;1
20190903;NE;98.51;1.49;0;0;0;0;03.09.2019;09.09.2019;1
20190827;NE;98.3;1.7;0;0;0;0;27.08.2019;02.09.2019;1
20190820;NE;98.3;1.7;0;0;0;0;20.08.2019;26.08.2019;1
20190813;NE;99.01;0.99;0;0;0;0;13.08.2019;19.08.2019;1
20190806;NE;96.08;3.92;0;0;0;0;06.08.2019;12.08.2019;1
20190730;NE;97.31;2.69;0;0;0;0;30.07.2019;05.08.2019;1
20190723;NE;100;0;0;0;0;0;23.07.2019;29.07.2019;1
20190716;NE;100;0;0;0;0;0;16.07.2019;22.07.2019;1
20190709;NE;100;0;0;0;0;0;09.07.2019;15.07.2019;1
20190702;NE;100;0;0;0;0;0;02.07.2019;08.07.2019;1
20190625;NE;100;0;0;0;0;0;25.06.2019;01.07.2019;1
20190618;NE;100;0;0;0;0;0;18.06.2019;24.06.2019;1
20190611;NE;100;0;0;0;0;0;11.06.2019;17.06.2019;1
20190604;NE;100;0;0;0;0;0;04.06.2019;10.06.2019;1
20190528;NE;100;0;0;0;0;0;28.05.2019;03.06.2019;1
20190521;NE;98.52;1.48;0;0;0;0;21.05.2019;27.05.2019;1
20190514;NE;98.49;1.51;0;0;0;0;14.05.2019;20.05.2019;1
20190507;NE;98.49;1.51;0;0;0;0;07.05.2019;13.05.2019;1
20190430;NE;100;0;0;0;0;0;30.04.2019;06.05.2019;1
20190423;NE;100;0;0;0;0;0;23.04.2019;29.04.2019;1
20190416;NE;100;0;0;0;0;0;16.04.2019;22.04.2019;1
20190409;NE;100;0;0;0;0;0;09.04.2019;15.04.2019;1
20190402;NE;100;0;0;0;0;0;02.04.2019;08.04.2019;1
20190326;NE;100;0;0;0;0;0;26.03.2019;01.04.2019;1
20190319;NE;98.46;1.54;0;0;0;0;19.03.2019;25.03.2019;1
20190312;NE;90.41;9.59;0;0;0;0;12.03.2019;18.03.2019;1
20190305;NE;90.41;9.59;0;0;0;0;05.03.2019;11.03.2019;1
20190226;NE;90.41;9.59;0;0;0;0;26.02.2019;04.03.2019;1
20190219;NE;89.97;10.03;0;0;0;0;19.02.2019;25.02.2019;1
20190212;NE;90.06;9.94;0;0;0;0;12.02.2019;18.02.2019;1
20190205;NE;90.06;9.94;0;0;0;0;05.02.2019;11.02.2019;1
20190129;NE;100;0;0;0;0;0;29.01.2019;04.02.2019;1
20190122;NE;100;0;0;0;0;0;22.01.2019;28.01.2019;1
20190115;NE;100;0;0;0;0;0;15.01.2019;21.01.2019;1
20190108;NE;100;0;0;0;0;0;08.01.2019;14.01.2019;1
20190101;NE;100;0;0;0;0;0;01.01.2019;07.01.2019;1
20181225;NE;100;0;0;0;0;0;25.12.2018;31.12.2018;1
20181218;NE;100;0;0;0;0;0;18.12.2018;24.12.2018;1
20181211;NE;100;0;0;0;0;0;11.12.2018;17.12.2018;1
20181204;NE;100;0;0;0;0;0;04.12.2018;10.12.2018;1
20181127;NE;100;0;0;0;0;0;27.11.2018;03.12.2018;1
20181120;NE;100;0;0;0;0;0;20.11.2018;26.11.2018;1
20181113;NE;100;0;0;0;0;0;13.11.2018;19.11.2018;1
20181106;NE;100;0;0;0;0;0;06.11.2018;12.11.2018;1
20181030;NE;100;0;0;0;0;0;30.10.2018;05.11.2018;1
20181023;NE;100;0;0;0;0;0;23.10.2018;29.10.2018;1
20181016;NE;100;0;0;0;0;0;16.10.2018;22.10.2018;1
20181009;NE;100;0;0;0;0;0;09.10.2018;15.10.2018;1
20181002;NE;100;0;0;0;0;0;02.10.2018;08.10.2018;1
20180925;NE;99.83;0.17;0;0;0;0;25.09.2018;01.10.2018;1
20180918;NE;100;0;0;0;0;0;18.09.2018;24.09.2018;1
20180911;NE;100;0;0;0;0;0;11.09.2018;17.09.2018;1
20180904;NE;99.67;0.33;0;0;0;0;04.09.2018;10.09.2018;1
20180828;NE;96.33;3.67;0.34;0;0;0;28.08.2018;03.09.2018;1
20180821;NE;96.33;3.67;0.68;0.03;0;0;21.08.2018;27.08.2018;1
20180814;NE;90.64;9.36;3.57;0.45;0;0;14.08.2018;20.08.2018;1
20180807;NE;94.36;5.64;1.05;0.45;0;0;07.08.2018;13.08.2018;1
20180731;NE;95;5;0.87;0.08;0;0;31.07.2018;06.08.2018;1
20180724;NE;94.88;5.12;0.84;0;0;0;24.07.2018;30.07.2018;1
20180717;NE;98.73;1.27;0.84;0;0;0;17.07.2018;23.07.2018;1
20180710;NE;98.73;1.27;0.83;0;0;0;10.07.2018;16.07.2018;1
20180703;NE;98.73;1.27;0.84;0;0;0;03.07.2018;09.07.2018;1
20180626;NE;92.75;7.25;0.84;0;0;0;26.06.2018;02.07.2018;1
20180619;NE;84.6;15.4;7.42;0;0;0;19.06.2018;25.06.2018;1
20180612;NE;83.15;16.85;5.4;0;0;0;12.06.2018;18.06.2018;1
20180605;NE;81.9;18.1;5.37;0;0;0;05.06.2018;11.06.2018;1
20180529;NE;81.9;18.1;5.37;0;0;0;29.05.2018;04.06.2018;1
20180522;NE;81.66;18.34;3.69;0;0;0;22.05.2018;28.05.2018;1
20180515;NE;77.43;22.57;1.88;0;0;0;15.05.2018;21.05.2018;1
20180508;NE;77.14;22.86;2.04;0;0;0;08.05.2018;14.05.2018;1
20180501;NE;72.17;27.83;2.26;0;0;0;01.05.2018;07.05.2018;1
20180424;NE;79.71;20.29;1.32;0;0;0;24.04.2018;30.04.2018;1
20180417;NE;82.97;17.03;1.1;0;0;0;17.04.2018;23.04.2018;1
20180410;NE;81.17;18.83;1.1;0;0;0;10.04.2018;16.04.2018;1
20180403;NE;81.17;18.83;1.05;0;0;0;03.04.2018;09.04.2018;1
20180327;NE;81.17;18.83;1;0;0;0;27.03.2018;02.04.2018;1
20180320;NE;81.17;18.83;0.86;0;0;0;20.03.2018;26.03.2018;1
20180313;NE;73.96;26.04;0.86;0;0;0;13.03.2018;19.03.2018;1
20180306;NE;74.66;25.34;0;0;0;0;06.03.2018;12.03.2018;1
20180227;NE;74.66;25.34;0.2;0;0;0;27.02.2018;05.03.2018;1
20180220;NE;69.45;30.55;0.2;0;0;0;20.02.2018;26.02.2018;1
20180213;NE;69.45;30.55;0.2;0;0;0;13.02.2018;19.02.2018;1
20180206;NE;42.92;57.08;2.03;0;0;0;06.02.2018;12.02.2018;1
20180130;NE;42.97;57.03;4.38;0;0;0;30.01.2018;05.02.2018;1
20180123;NE;24.7;75.3;4.38;0;0;0;23.01.2018;29.01.2018;1
20180116;NE;9.32;90.68;4.38;0;0;0;16.01.2018;22.01.2018;1
20180109;NE;9.32;90.68;4.38;0;0;0;09.01.2018;15.01.2018;1
20180102;NE;9.32;90.68;2.03;0;0;0;02.01.2018;08.01.2018;1
20171226;NE;9.32;90.68;2.03;0;0;0;26.12.2017;01.01.2018;1
20171219;NE;9.32;90.68;2.03;0;0;0;19.12.2017;25.12.2017;1
20171212;NE;16.72;83.28;2.03;0;0;0;12.12.2017;18.12.2017;1
20171205;NE;38.28;61.72;2.03;0;0;0;05.12.2017;11.12.2017;1
20171128;NE;91.35;8.65;2.03;0;0;0;28.11.2017;04.12.2017;1
20171121;NE;91.35;8.65;2.03;0;0;0;21.11.2017;27.11.2017;1
20171114;NE;91.35;8.65;2.03;0;0;0;14.11.2017;20.11.2017;1
20171107;NE;91.35;8.65;2.03;0;0;0;07.11.2017;13.11.2017;1
20171031;NE;89.51;10.49;2.5;0;0;0;31.10.2017;06.11.2017;1
20171024;NE;89.51;10.49;2.5;0;0;0;24.10.2017;30.10.2017;1
20171017;NE;89.51;10.49;2.5;0;0;0;17.10.2017;23.10.2017;1
20171010;NE;85.31;14.69;3.05;0;0;0;10.10.2017;16.10.2017;1
20171003;NE;85.12;14.88;3.91;0;0;0;03.10.2017;09.10.2017;1
20170926;NE;82.67;17.33;4.01;0;0;0;26.09.2017;02.10.2017;1
20170919;NE;57.77;42.23;7.08;0;0;0;19.09.2017;25.09.2017;1
20170912;NE;58.56;41.44;7.08;0;0;0;12.09.2017;18.09.2017;1
20170905;NE;62.11;37.89;6.47;0;0;0;05.09.2017;11.09.2017;1
20170829;NE;42.43;57.57;12.46;0;0;0;29.08.2017;04.09.2017;1
20170822;NE;45.09;54.91;12.58;0;0;0;22.08.2017;28.08.2017;1
20170815;NE;23.25;76.75;20.81;2.98;0;0;15.08.2017;21.08.2017;1
20170808;NE;21.15;78.85;23.81;2.97;0;0;08.08.2017;14.08.2017;1
20170801;NE;14.32;85.68;41.9;6.44;0;0;01.08.2017;07.08.2017;1
20170725;NE;13.9;86.1;41.9;6.28;0;0;25.07.2017;31.07.2017;1
20170718;NE;25.6;74.4;24.84;0.06;0;0;18.07.2017;24.07.2017;1
20170711;NE;28.19;71.81;15.83;0;0;0;11.07.2017;17.07.2017;1
20170704;NE;32.04;67.96;8.69;0;0;0;04.07.2017;10.07.2017;1
20170627;NE;32.04;67.96;0;0;0;0;27.06.2017;03.07.2017;1
20170620;NE;77.28;22.72;0;0;0;0;20.06.2017;26.06.2017;1
20170613;NE;99.41;0.59;0;0;0;0;13.06.2017;19.06.2017;1
20170606;NE;100;0;0;0;0;0;06.06.2017;12.06.2017;1
20170530;NE;100;0;0;0;0;0;30.05.2017;05.06.2017;1
20170523;NE;100;0;0;0;0;0;23.05.2017;29.05.2017;1
20170516;NE;95.03;4.97;0;0;0;0;16.05.2017;22.05.2017;1
20170509;NE;95.03;4.97;0;0;0;0;09.05.2017;15.05.2017;1
20170502;NE;95.03;4.97;0;0;0;0;02.05.2017;08.05.2017;1
20170425;NE;76.74;23.26;3.33;0;0;0;25.04.2017;01.05.2017;1
20170418;NE;77.88;22.12;3.77;0;0;0;18.04.2017;24.04.2017;1
20170411;NE;77.88;22.12;3.77;0;0;0;11.04.2017;17.04.2017;1
20170404;NE;74.3;25.7;3.77;0;0;0;04.04.2017;10.04.2017;1
20170328;NE;72.64;27.36;5.45;0;0;0;28.03.2017;03.04.2017;1
20170321;NE;59.2;40.8;8.76;0;0;0;21.03.2017;27.03.2017;1
20170314;NE;64.7;35.3;8.33;0;0;0;14.03.2017;20.03.2017;1
20170307;NE;64.7;35.3;8.33;0;0;0;07.03.2017;13.03.2017;1
20170228;NE;66.27;33.73;8.33;0;0;0;28.02.2017;06.03.2017;1
20170221;NE;61.14;38.86;9.48;0;0;0;21.02.2017;27.02.2017;1
20170214;NE;61.14;38.86;9.48;0;0;0;14.02.2017;20.02.2017;1
20170207;NE;61.16;38.84;9.48;0;0;0;07.02.2017;13.02.2017;1
20170131;NE;55.3;44.7;9.48;0;0;0;31.01.2017;06.02.2017;1
20170124;NE;53.58;46.42;9.48;0;0;0;24.01.2017;30.01.2017;1
20170117;NE;49.9;50.1;13.43;0.16;0;0;17.01.2017;23.01.2017;1
20170110;NE;49.9;50.1;13.43;0.16;0;0;10.01.2017;16.01.2017;1
20170103;NE;48.25;51.75;13.43;0.16;0;0;03.01.2017;09.01.2017;1
20161227;NE;48.25;51.75;13.43;0.16;0;0;27.12.2016;02.01.2017;1
20161220;NE;48.04;51.96;13.43;0.16;0;0;20.12.2016;26.12.2016;1
20161213;NE;48.04;51.96;13.43;0.16;0;0;13.12.2016;19.12.2016;1
20161206;NE;48.04;51.96;13.43;0.16;0;0;06.12.2016;12.12.2016;1
20161129;NE;48.04;51.96;12.7;0.16;0;0;29.11.2016;05.12.2016;1
20161122;NE;56.06;43.94;10.68;0.16;0;0;22.11.2016;28.11.2016;1
20161115;NE;56.06;43.94;10.68;0.16;0;0;15.11.2016;21.11.2016;1
20161108;NE;63.65;36.35;4.12;0.16;0;0;08.11.2016;14.11.2016;1
20161101;NE;63.62;36.38;4.12;0.16;0;0;01.11.2016;07.11.2016;1
20161025;NE;82.17;17.83;1.59;0.16;0;0;25.10.2016;31.10.2016;1
20161018;NE;84.91;15.09;1.59;0.16;0;0;18.10.2016;24.10.2016;1
20161011;NE;85.09;14.91;1.59;0.16;0;0;11.10.2016;17.10.2016;1
20161004;NE;83.97;16.03;1.59;0.16;0;0;04.10.2016;10.10.2016;1
20160927;NE;77.29;22.71;1.59;0.16;0;0;27.09.2016;03.10.2016;1
20160920;NE;77.29;22.71;1.72;0.16;0;0;20.09.2016;26.09.2016;1
20160913;NE;77.29;22.71;1.72;0.16;0;0;13.09.2016;19.09.2016;1
20160906;NE;67.88;32.12;1.98;0.33;0;0;06.09.2016;12.09.2016;1
20160830;NE;61.96;38.04;2.09;0.33;0;0;30.08.2016;05.09.2016;1
20160823;NE;60.98;39.02;7.65;0.86;0;0;23.08.2016;29.08.2016;1
20160816;NE;57.1;42.9;8.9;0.97;0;0;16.08.2016;22.08.2016;1
20160809;NE;56.34;43.66;10.06;0.61;0;0;09.08.2016;15.08.2016;1
20160802;NE;58;42;10.35;0.61;0;0;02.08.2016;08.08.2016;1
20160726;NE;57.84;42.16;10.07;0;0;0;26.07.2016;01.08.2016;1
20160719;NE;59.55;40.45;2.85;0;0;0;19.07.2016;25.07.2016;1
20160712;NE;75.69;24.31;2.46;0;0;0;12.07.2016;18.07.2016;1
20160705;NE;70.18;29.82;2.22;0;0;0;05.07.2016;11.07.2016;1
20160628;NE;64.95;35.05;2.23;0;0;0;28.06.2016;04.07.2016;1
20160621;NE;89.38;10.62;0.91;0;0;0;21.06.2016;27.06.2016;1
20160614;NE;97.49;2.51;0;0;0;0;14.06.2016;20.06.2016;1
20160607;NE;100;0;0;0;0;0;07.06.2016;13.06.2016;1
20160531;NE;100;0;0;0;0;0;31.05.2016;06.06.2016;1
20160524;NE;100;0;0;0;0;0;24.05.2016;30.05.2016;1
20160517;NE;100;0;0;0;0;0;17.05.2016;23.05.2016;1
20160510;NE;100;0;0;0;0;0;10.05.2016;16.05.2016;1
20160503;NE;100;0;0;0;0;0;03.05.2016;09.05.2016;1
20160426;NE;96.28;3.72;0;0;0;0;26.04.2016;02.05.2016;1
20160419;NE;91.39;8.61;0;0;0;0;19.04.2016;25.04.2016;1
20160412;NE;75.04;24.96;0;0;0;0;12.04.2016;18.04.2016;1
20160405;NE;76.4;23.6;0;0;0;0;05.04.2016;11.04.2016;1
20160329;NE;100;0;0;0;0;0;29.03.2016;04.04.2016;1
20160322;NE;100;0;0;0;0;0;22.03.2016;28.03.2016;1
20160315;NE;100;0;0;0;0;0;15.03.2016;21.03.2016;1
20160308;NE;100;0;0;0;0;0;08.03.2016;14.03.2016;1
20160301;NE;100;0;0;0;0;0;01.03.2016;07.03.2016;1
20160223;NE;100;0;0;0;0;0;23.02.2016;29.02.2016;1
20160216;NE;100;0;0;0;0;0;16.02.2016;22.02.2016;1
20160209;NE;100;0;0;0;0;0;09.02.2016;15.02.2016;1
20160202;NE;100;0;0;0;0;0;02.02.2016;08.02.2016;1
20160126;NE;100;0;0;0;0;0;26.01.2016;01.02.2016;1
20160119;NE;100;0;0;0;0;0;19.01.2016;25.01.2016;1
20160112;NE;100;0;0;0;0;0;12.01.2016;18.01.2016;1
20160105;NE;100;0;0;0;0;0;05.01.2016;11.01.2016;1
20151229;NE;99.99;0.01;0;0;0;0;29.12.2015;04.01.2016;1
20151222;NE;98.05;1.95;0;0;0;0;22.12.2015;28.12.2015;1
20151215;NE;94.85;5.15;0;0;0;0;15.12.2015;21.12.2015;1
20151208;NE;92.09;7.91;0;0;0;0;08.12.2015;14.12.2015;1
20151201;NE;92.09;7.91;0;0;0;0;01.12.2015;07.12.2015;1
20151124;NE;91.87;8.13;0;0;0;0;24.11.2015;30.11.2015;1
20151117;NE;80.22;19.78;1.69;0;0;0;17.11.2015;23.11.2015;1
20151110;NE;80.22;19.78;1.69;0;0;0;10.11.2015;16.11.2015;1
20151103;NE;76.12;23.88;1.69;0;0;0;03.11.2015;09.11.2015;1
20151027;NE;73.24;26.76;1.08;0;0;0;27.10.2015;02.11.2015;1
20151020;NE;64.56;35.44;0;0;0;0;20.10.2015;26.10.2015;1
20151013;NE;70.79;29.21;0;0;0;0;13.10.2015;19.10.2015;1
20151006;NE;71.09;28.91;0;0;0;0;06.10.2015;12.10.2015;1
20150929;NE;71.41;28.59;0;0;0;0;29.09.2015;05.10.2015;1
20150922;NE;71.05;28.95;0;0;0;0;22.09.2015;28.09.2015;1
20150915;NE;73.56;26.44;0;0;0;0;15.09.2015;21.09.2015;1
20150908;NE;73.41;26.59;0;0;0;0;08.09.2015;14.09.2015;1
20150901;NE;93.99;6.01;0;0;0;0;01.09.2015;07.09.2015;1
20150825;NE;100;0;0;0;0;0;25.08.2015;31.08.2015;1
20150818;NE;100;0;0;0;0;0;18.08.2015;24.08.2015;1
20150811;NE;98.73;1.27;0;0;0;0;11.08.2015;17.08.2015;1
20150804;NE;81.28;18.72;0;0;0;0;04.08.2015;10.08.2015;1
20150728;NE;81.28;18.72;0;0;0;0;28.07.2015;03.08.2015;1
20150721;NE;95.63;4.37;0;0;0;0;21.07.2015;27.07.2015;1
20150714;NE;95.63;4.37;0;0;0;0;14.07.2015;20.07.2015;1
20150707;NE;97.77;2.23;0;0;0;0;07.07.2015;13.07.2015;1
20150630;NE;89.32;10.68;2.19;0;0;0;30.06.2015;06.07.2015;1
20150623;NE;89.32;10.68;2.19;0;0;0;23.06.2015;29.06.2015;1
20150616;NE;87.16;12.84;4.07;0;0;0;16.06.2015;22.06.2015;1
20150609;NE;87.16;12.84;4.07;0;0;0;09.06.2015;15.06.2015;1
20150602;NE;76.08;23.92;5.18;0;0;0;02.06.2015;08.06.2015;1
20150526;NE;75.55;24.45;4.77;0;0;0;26.05.2015;01.06.2015;1
20150519;NE;62.9;37.1;7.58;0;0;0;19.05.2015;25.05.2015;1
20150512;NE;61.37;38.63;19.95;0;0;0;12.05.2015;18.05.2015;1
20150505;NE;51.79;48.21;28.15;0;0;0;05.05.2015;11.05.2015;1
20150428;NE;51.79;48.21;28.15;0;0;0;28.04.2015;04.05.2015;1
20150421;NE;51.79;48.21;21.82;0;0;0;21.04.2015;27.04.2015;1
20150414;NE;31.54;68.46;22.49;0;0;0;14.04.2015;20.04.2015;1
20150407;NE;31.54;68.46;22.49;0;0;0;07.04.2015;13.04.2015;1
20150331;NE;32.67;67.33;22.49;0;0;0;31.03.2015;06.04.2015;1
20150324;NE;34.39;65.61;2.24;0;0;0;24.03.2015;30.03.2015;1
20150317;NE;37.62;62.38;2.24;0;0;0;17.03.2015;23.03.2015;1
20150310;NE;75.58;24.42;0;0;0;0;10.03.2015;16.03.2015;1
20150303;NE;75.58;24.42;0;0;0;0;03.03.2015;09.03.2015;1
20150224;NE;75.58;24.42;0;0;0;0;24.02.2015;02.03.2015;1
20150217;NE;75.58;24.42;0;0;0;0;17.02.2015;23.02.2015;1
20150210;NE;75.58;24.42;0;0;0;0;10.02.2015;16.02.2015;1
20150203;NE;75.59;24.41;0;0;0;0;03.02.2015;09.02.2015;1
20150127;NE;71.59;28.41;0;0;0;0;27.01.2015;02.02.2015;1
20150120;NE;72.2;27.8;0;0;0;0;20.01.2015;26.01.2015;1
20150113;NE;75.78;24.22;0;0;0;0;13.01.2015;19.01.2015;1
20150106;NE;75.78;24.22;0;0;0;0;06.01.2015;12.01.2015;1
20141230;NE;75.78;24.22;0;0;0;0;30.12.2014;05.01.2015;1
20141223;NE;75.78;24.22;0;0;0;0;23.12.2014;29.12.2014;1
20141216;NE;75.78;24.22;0;0;0;0;16.12.2014;22.12.2014;1
20141209;NE;75.7;24.3;0;0;0;0;09.12.2014;15.12.2014;1
20141202;NE;75.7;24.3;0;0;0;0;02.12.2014;08.12.2014;1
20141125;NE;76.42;23.58;0;0;0;0;25.11.2014;01.12.2014;1
20141118;NE;96.1;3.9;0;0;0;0;18.11.2014;24.11.2014;1
20141111;NE;96.1;3.9;0;0;0;0;11.11.2014;17.11.2014;1
20141104;NE;96.29;3.71;0;0;0;0;04.11.2014;10.11.2014;1
20141028;NE;97.17;2.83;0;0;0;0;28.10.2014;03.11.2014;1
20141021;NE;97.17;2.83;0;0;0;0;21.10.2014;27.10.2014;1
20141014;NE;97.17;2.83;0;0;0;0;14.10.2014;20.10.2014;1
20141007;NE;97.17;2.83;0;0;0;0;07.10.2014;13.10.2014;1
20140930;NE;95.79;4.21;0;0;0;0;30.09.2014;06.10.2014;1
20140923;NE;91.75;8.25;0;0;0;0;23.09.2014;29.09.2014;1
20140916;NE;91.75;8.25;0;0;0;0;16.09.2014;22.09.2014;1
20140909;NE;89.68;10.32;0;0;0;0;09.09.2014;15.09.2014;1
20140902;NE;85.49;14.51;1.15;0;0;0;02.09.2014;08.09.2014;1
20140826;NE;68.3;31.7;7.13;0.01;0;0;26.08.2014;01.09.2014;1
20140819;NE;63.58;36.42;5.73;0.01;0;0;19.08.2014;25.08.2014;1
20140812;NE;60.98;39.02;5.83;0.01;0;0;12.08.2014;18.08.2014;1
20140805;NE;52.22;47.78;7.49;0.01;0;0;05.08.2014;11.08.2014;1
20140729;NE;58.11;41.89;7.28;0.01;0;0;29.07.2014;04.08.2014;1
20140722;NE;71.79;28.21;7.28;0.01;0;0;22.07.2014;28.07.2014;1
20140715;NE;71.94;28.06;7.28;0.01;0;0;15.07.2014;21.07.2014;1
20140708;NE;61.28;38.72;14.59;0.32;0.01;0;08.07.2014;14.07.2014;1
20140701;NE;61.13;38.87;14.59;0.32;0.01;0;01.07.2014;07.07.2014;1
20140624;NE;49.81;50.19;20.46;2.57;0.01;0;24.06.2014;30.06.2014;1
20140617;NE;44.95;55.05;29.1;6.91;0.01;0;17.06.2014;23.06.2014;1
20140610;NE;36.83;63.17;33.69;7.07;0.01;0;10.06.2014;16.06.2014;1
20140603;NE;30.15;69.85;58.26;27.12;7.07;0;03.06.2014;09.06.2014;1
20140527;NE;23.09;76.91;62.39;30.87;7.07;0;27.05.2014;02.06.2014;1
20140520;NE;20.01;79.99;61.28;24.81;5.08;0;20.05.2014;26.05.2014;1
20140513;NE;20.01;79.99;61.28;24.81;5.08;0;13.05.2014;19.05.2014;1
20140506;NE;7.01;92.99;78.3;30.83;4.39;0;06.05.2014;12.05.2014;1
20140429;NE;7.01;92.99;70.39;30.41;4.39;0;29.04.2014;05.05.2014;1
20140422;NE;9.2;90.8;74.3;30.67;4.39;0;22.04.2014;28.04.2014;1
20140415;NE;9.2;90.8;74.3;30.67;4.39;0;15.04.2014;21.04.2014;1
20140408;NE;9.15;90.85;74.21;30.67;4.39;0;08.04.2014;14.04.2014;1
20140401;NE;11.73;88.27;65;30.67;4.39;0;01.04.2014;07.04.2014;1
20140325;NE;11.73;88.27;64.96;30.67;4.38;0;25.03.2014;31.03.2014;1
20140318;NE;11.88;88.12;64.93;30.67;4.38;0;18.03.2014;24.03.2014;1
20140311;NE;10.32;89.68;52.88;30.66;4.34;0;11.03.2014;17.03.2014;1
20140304;NE;10.54;89.46;51.32;25.09;4.34;0;04.03.2014;10.03.2014;1
20140225;NE;10.25;89.75;51.95;26.5;4.62;0;25.02.2014;03.03.2014;1
20140218;NE;10.05;89.95;48.03;26.84;4.78;0;18.02.2014;24.02.2014;1
20140211;NE;10.05;89.95;48.03;26.84;4.78;0;11.02.2014;17.02.2014;1
20140204;NE;10.02;89.98;48.03;26.84;4.78;0;04.02.2014;10.02.2014;1
20140128;NE;10.79;89.21;48.03;26.84;4.78;0;28.01.2014;03.02.2014;1
20140121;NE;10.79;89.21;48.01;26.59;4.76;0;21.01.2014;27.01.2014;1
20140114;NE;13.68;86.32;48.01;26.59;4.76;0;14.01.2014;20.01.2014;1
20140107;NE;13.68;86.32;47.93;26.59;4.76;0;07.01.2014;13.01.2014;1
20131231;NE;13.68;86.32;47.93;26.59;4.76;0;31.12.2013;06.01.2014;1
20131224;NE;13.68;86.32;47.93;26.59;4.76;0;24.12.2013;30.12.2013;1
20131217;NE;13.09;86.91;47.93;26.59;4.76;0;17.12.2013;23.12.2013;1
20131210;NE;13.09;86.91;47.87;26.59;4.76;0;10.12.2013;16.12.2013;1
20131203;NE;13.01;86.99;47.87;27.39;4.76;0;03.12.2013;09.12.2013;1
20131126;NE;13.01;86.99;47.87;27.39;4.76;0;26.11.2013;02.12.2013;1
20131119;NE;13.05;86.95;47.87;27.39;4.76;0;19.11.2013;25.11.2013;1
20131112;NE;13.71;86.29;47.87;27.39;4.76;0;12.11.2013;18.11.2013;1
20131105;NE;13.49;86.51;47.85;27.39;4.76;0;05.11.2013;11.11.2013;1
20131029;NE;13.35;86.65;47.85;27.39;4.76;0;29.10.2013;04.11.2013;1
20131022;NE;13.35;86.65;47.85;27.39;4.76;0;22.10.2013;28.10.2013;1
20131015;NE;5.55;94.45;56.56;29.28;4.76;0;15.10.2013;21.10.2013;1
20131008;NE;4.06;95.94;68.1;38.94;6.6;0;08.10.2013;14.10.2013;1
20131001;NE;3.22;96.78;85.48;49.34;6.6;0;01.10.2013;07.10.2013;1
20130924;NE;1.82;98.18;86.58;60.57;11.04;0;24.09.2013;30.09.2013;1
20130917;NE;1.23;98.77;88.76;61.35;21;0;17.09.2013;23.09.2013;1
20130910;NE;0.16;99.84;89.91;65.94;26.19;0.78;10.09.2013;16.09.2013;1
20130903;NE;4.13;95.87;90.13;66.47;26.19;0.78;03.09.2013;09.09.2013;1
20130827;NE;3.38;96.62;90.58;67.73;26.39;0.78;27.08.2013;02.09.2013;1
20130820;NE;3.38;96.62;90.72;65.78;26.38;0.78;20.08.2013;26.08.2013;1
20130813;NE;3.38;96.62;87.05;65.79;30.8;0.78;13.08.2013;19.08.2013;1
20130806;NE;3.38;96.62;87.76;65.79;31.42;0.78;06.08.2013;12.08.2013;1
20130730;NE;0;100;88.41;69.9;34.11;3.65;30.07.2013;05.08.2013;1
20130723;NE;0;100;88.41;69.84;35.58;3.65;23.07.2013;29.07.2013;1
20130716;NE;2.17;97.83;88.41;69.84;35.59;3.64;16.07.2013;22.07.2013;1
20130709;NE;6.58;93.42;88.41;69.06;34.71;3.64;09.07.2013;15.07.2013;1
20130702;NE;8.05;91.95;88.41;69.06;34.71;3.64;02.07.2013;08.07.2013;1
20130625;NE;8.05;91.95;88.36;67.88;34.66;3.64;25.06.2013;01.07.2013;1
20130618;NE;7.85;92.15;88.36;67.77;34.66;3.64;18.06.2013;24.06.2013;1
20130611;NE;6.41;93.59;89.66;67.92;34.66;3.64;11.06.2013;17.06.2013;1
20130604;NE;6.37;93.63;89.66;67.86;34.66;3.64;04.06.2013;10.06.2013;1
20130528;NE;2.51;97.49;93.34;76.75;39.34;4.02;28.05.2013;03.06.2013;1
20130521;NE;0;100;96.92;89.09;60.08;5.99;21.05.2013;27.05.2013;1
20130514;NE;0;100;96.92;92.83;70;7.72;14.05.2013;20.05.2013;1
20130507;NE;0;100;97.21;93.1;71.11;7.72;07.05.2013;13.05.2013;1
20130430;NE;0;100;100;96.85;77.28;8.29;30.04.2013;06.05.2013;1
20130423;NE;0;100;100;96.85;78.18;8.29;23.04.2013;29.04.2013;1
20130416;NE;0;100;100;100;91.43;8.29;16.04.2013;22.04.2013;1
20130409;NE;0;100;100;100;94.02;15.23;09.04.2013;15.04.2013;1
20130402;NE;0;100;100;100;94.04;75.72;02.04.2013;08.04.2013;1
20130326;NE;0;100;100;100;96.13;76.16;26.03.2013;01.04.2013;1
20130319;NE;0;100;100;100;96.13;76.41;19.03.2013;25.03.2013;1
20130312;NE;0;100;100;100;96.13;76.41;12.03.2013;18.03.2013;1
20130305;NE;0;100;100;100;96.1;76.76;05.03.2013;11.03.2013;1
20130226;NE;0;100;100;100;96.1;76.94;26.02.2013;04.03.2013;1
20130219;NE;0;100;100;100;96.23;77.47;19.02.2013;25.02.2013;1
20130212;NE;0;100;100;100;96.28;77.47;12.02.2013;18.02.2013;1
20130205;NE;0;100;100;100;96.28;77.47;05.02.2013;11.02.2013;1
20130129;NE;0;100;100;100;96.28;77.46;29.01.2013;04.02.2013;1
20130122;NE;0;100;100;100;96.28;77.46;22.01.2013;28.01.2013;1
20130115;NE;0;100;100;100;96.28;77.46;15.01.2013;21.01.2013;1
20130108;NE;0;100;100;100;96.2;77.46;08.01.2013;14.01.2013;1
20130101;NE;0;100;100;100;96.2;77.46;01.01.2013;07.01.2013;1
20121225;NE;0;100;100;100;96.2;77.46;25.12.2012;31.12.2012;1
20121218;NE;0;100;100;100;96.2;77.46;18.12.2012;24.12.2012;1
20121211;NE;0;100;100;100;96.15;77.46;11.12.2012;17.12.2012;1
20121204;NE;0;100;100;100;96.15;77.46;04.12.2012;10.12.2012;1
20121127;NE;0;100;100;100;96.15;77.46;27.11.2012;03.12.2012;1
20121120;NE;0;100;100;99.69;96.16;77.47;20.11.2012;26.11.2012;1
20121113;NE;0;100;100;99.69;96.16;77.45;13.11.2012;19.11.2012;1
20121106;NE;0;100;100;100;95.74;77.58;06.11.2012;12.11.2012;1
20121030;NE;0;100;100;100;95.31;77.58;30.10.2012;05.11.2012;1
20121023;NE;0;100;100;100;95.31;77.58;23.10.2012;29.10.2012;1
20121016;NE;0;100;100;100;95.31;77.58;16.10.2012;22.10.2012;1
20121009;NE;0;100;100;100;97.94;77.58;09.10.2012;15.10.2012;1
20121002;NE;0;100;100;100;97.94;77.61;02.10.2012;08.10.2012;1
20120925;NE;0;100;100;100;97.94;73.25;25.09.2012;01.10.2012;1
20120918;NE;0;100;100;100;97.94;70.94;18.09.2012;24.09.2012;1
20120911;NE;0;100;100;100;97.94;70.94;11.09.2012;17.09.2012;1
20120904;NE;0;100;100;100;97.94;70.58;04.09.2012;10.09.2012;1
20120828;NE;0;100;100;100;97.21;23.33;28.08.2012;03.09.2012;1
20120821;NE;0;100;100;100;98.3;22.53;21.08.2012;27.08.2012;1
20120814;NE;0;100;100;100;91.4;22.53;14.08.2012;20.08.2012;1
20120807;NE;0;100;100;100;91.17;3.46;07.08.2012;13.08.2012;1
20120731;NE;0;100;100;100;83;3.46;31.07.2012;06.08.2012;1
20120724;NE;0;100;100;100;64.07;2.8;24.07.2012;30.07.2012;1
20120717;NE;0;100;100;75.46;4.93;0;17.07.2012;23.07.2012;1
20120710;NE;0;100;99.81;54.57;2.03;0;10.07.2012;16.07.2012;1
20120703;NE;0.19;99.81;77.22;40.55;2.28;0;03.07.2012;09.07.2012;1
20120626;NE;11.89;88.11;64.63;40.66;0;0;26.06.2012;02.07.2012;1
20120619;NE;15.63;84.37;65.55;4.94;0;0;19.06.2012;25.06.2012;1
20120612;NE;16.47;83.53;31.72;0.42;0;0;12.06.2012;18.06.2012;1
20120605;NE;38.5;61.5;21.56;0;0;0;05.06.2012;11.06.2012;1
20120529;NE;56.19;43.81;18.79;0;0;0;29.05.2012;04.06.2012;1
20120522;NE;57.68;42.32;11.57;0;0;0;22.05.2012;28.05.2012;1
20120515;NE;70.47;29.53;5.24;0;0;0;15.05.2012;21.05.2012;1
20120508;NE;73.3;26.7;5.24;0;0;0;08.05.2012;14.05.2012;1
20120501;NE;62.33;37.67;6.49;0;0;0;01.05.2012;07.05.2012;1
20120424;NE;57.82;42.18;11.93;0;0;0;24.04.2012;30.04.2012;1
20120417;NE;57.82;42.18;11.93;0;0;0;17.04.2012;23.04.2012;1
20120410;NE;52.85;47.15;8.09;0;0;0;10.04.2012;16.04.2012;1
20120403;NE;48.89;51.11;2.84;0;0;0;03.04.2012;09.04.2012;1
20120327;NE;57.73;42.27;0.28;0;0;0;27.03.2012;02.04.2012;1
20120320;NE;69.88;30.12;0.28;0;0;0;20.03.2012;26.03.2012;1
20120313;NE;70.49;29.51;0.28;0;0;0;13.03.2012;19.03.2012;1
20120306;NE;86.26;13.74;0.28;0;0;0;06.03.2012;12.03.2012;1
20120228;NE;80.83;19.17;3.06;0.03;0;0;28.02.2012;05.03.2012;1
20120221;NE;80.83;19.17;3.06;0.03;0;0;21.02.2012;27.02.2012;1
20120214;NE;80.83;19.17;3.06;0.03;0;0;14.02.2012;20.02.2012;1
20120207;NE;80.98;19.02;3.06;0.02;0;0;07.02.2012;13.02.2012;1
20120131;NE;40.45;59.55;13.81;0.65;0;0;31.01.2012;06.02.2012;1
20120124;NE;40.45;59.55;13.81;0.65;0;0;24.01.2012;30.01.2012;1
20120117;NE;67.3;32.7;13.81;0.65;0;0;17.01.2012;23.01.2012;1
20120110;NE;67.3;32.7;13.81;0.65;0;0;10.01.2012;16.01.2012;1
20120103;NE;71.68;28.32;13.81;0.65;0;0;03.01.2012;09.01.2012;1
20111227;NE;71.68;28.32;13.81;0.65;0;0;27.12.2011;02.01.2012;1
20111220;NE;71.68;28.32;13.81;0.65;0;0;20.12.2011;26.12.2011;1
20111213;NE;68.47;31.53;15.5;1.91;0;0;13.12.2011;19.12.2011;1
20111206;NE;68.47;31.53;15.5;1.91;0;0;06.12.2011;12.12.2011;1
20111129;NE;64.51;35.49;20.69;2.03;0;0;29.11.2011;05.12.2011;1
20111122;NE;64.51;35.49;20.69;2.03;0;0;22.11.2011;28.11.2011;1
20111115;NE;68.79;31.21;20.69;2.03;0;0;15.11.2011;21.11.2011;1
20111108;NE;69.73;30.27;20.42;0;0;0;08.11.2011;14.11.2011;1
20111101;NE;70.44;29.56;20.42;0;0;0;01.11.2011;07.11.2011;1
20111025;NE;78.21;21.79;2.19;0;0;0;25.10.2011;31.10.2011;1
20111018;NE;79.03;20.97;0.38;0;0;0;18.10.2011;24.10.2011;1
20111011;NE;80.25;19.75;0.38;0;0;0;11.10.2011;17.10.2011;1
20111004;NE;58.18;41.82;0;0;0;0;04.10.2011;10.10.2011;1
20110927;NE;75.7;24.3;0;0;0;0;27.09.2011;03.10.2011;1
20110920;NE;75.7;24.3;0;0;0;0;20.09.2011;26.09.2011;1
20110913;NE;59.9;40.1;0;0;0;0;13.09.2011;19.09.2011;1
20110906;NE;82.04;17.96;0;0;0;0;06.09.2011;12.09.2011;1
20110830;NE;94.21;5.79;0;0;0;0;30.08.2011;05.09.2011;1
20110823;NE;95.74;4.26;0;0;0;0;23.08.2011;29.08.2011;1
20110816;NE;94.1;5.9;0;0;0;0;16.08.2011;22.08.2011;1
20110809;NE;90.09;9.91;0.1;0;0;0;09.08.2011;15.08.2011;1
20110802;NE;92.24;7.76;0;0;0;0;02.08.2011;08.08.2011;1
20110726;NE;100;0;0;0;0;0;26.07.2011;01.08.2011;1
20110719;NE;100;0;0;0;0;0;19.07.2011;25.07.2011;1
20110712;NE;100;0;0;0;0;0;12.07.2011;18.07.2011;1
20110705;NE;97.97;2.03;0;0;0;0;05.07.2011;11.07.2011;1
20110628;NE;97.97;2.03;0;0;0;0;28.06.2011;04.07.2011;1
20110621;NE;98.52;1.48;0;0;0;0;21.06.2011;27.06.2011;1
20110614;NE;98.52;1.48;0;0;0;0;14.06.2011;20.06.2011;1
20110607;NE;98.52;1.48;0;0;0;0;07.06.2011;13.06.2011;1
20110531;NE;98.52;1.48;0;0;0;0;31.05.2011;06.06.2011;1
20110524;NE;96.59;3.41;0;0;0;0;24.05.2011;30.05.2011;1
20110517;NE;87.93;12.07;0;0;0;0;17.05.2011;23.05.2011;1
20110510;NE;59.27;40.73;0.23;0;0;0;10.05.2011;16.05.2011;1
20110503;NE;59.28;40.72;0.17;0;0;0;03.05.2011;09.05.2011;1
20110426;NE;79.02;20.98;0.17;0;0;0;26.04.2011;02.05.2011;1
20110419;NE;52.21;47.79;0.95;0.01;0;0;19.04.2011;25.04.2011;1
20110412;NE;46.27;53.73;15.21;0.01;0;0;12.04.2011;18.04.2011;1
20110405;NE;46.45;53.55;14.93;0;0;0;05.04.2011;11.04.2011;1
20110329;NE;46.15;53.85;3.31;0;0;0;29.03.2011;04.04.2011;1
20110322;NE;46.15;53.85;0.38;0;0;0;22.03.2011;28.03.2011;1
20110315;NE;56.85;43.15;0.32;0;0;0;15.03.2011;21.03.2011;1
20110308;NE;52.48;47.52;0.33;0;0;0;08.03.2011;14.03.2011;1
20110301;NE;53.97;46.03;9.97;0;0;0;01.03.2011;07.03.2011;1
20110222;NE;53.97;46.03;9.96;0;0;0;22.02.2011;28.02.2011;1
20110215;NE;53.97;46.03;9.96;0;0;0;15.02.2011;21.02.2011;1
20110208;NE;53.97;46.03;9.96;0;0;0;08.02.2011;14.02.2011;1
20110201;NE;53.78;46.22;9.96;0;0;0;01.02.2011;07.02.2011;1
20110125;NE;53.78;46.22;9.96;0;0;0;25.01.2011;31.01.2011;1
20110118;NE;53.78;46.22;9.96;0;0;0;18.01.2011;24.01.2011;1
20110111;NE;53.97;46.03;9.96;0;0;0;11.01.2011;17.01.2011;1
20110104;NE;53.97;46.03;9.96;0;0;0;04.01.2011;10.01.2011;1
20101228;NE;54.09;45.91;9.96;0;0;0;28.12.2010;03.01.2011;1
20101221;NE;58.26;41.74;9.96;0;0;0;21.12.2010;27.12.2010;1
20101214;NE;63.4;36.6;9.96;0;0;0;14.12.2010;20.12.2010;1
20101207;NE;63.4;36.6;9.95;0;0;0;07.12.2010;13.12.2010;1
20101130;NE;63.4;36.6;9.95;0;0;0;30.11.2010;06.12.2010;1
20101123;NE;63.4;36.6;9.95;0;0;0;23.11.2010;29.11.2010;1
20101116;NE;63.4;36.6;9.95;0;0;0;16.11.2010;22.11.2010;1
20101109;NE;62.64;37.36;9.96;0;0;0;09.11.2010;15.11.2010;1
20101102;NE;69.62;30.38;9.96;0;0;0;02.11.2010;08.11.2010;1
20101026;NE;69.62;30.38;9.96;0;0;0;26.10.2010;01.11.2010;1
20101019;NE;79.01;20.99;7.09;0;0;0;19.10.2010;25.10.2010;1
20101012;NE;82.44;17.56;0;0;0;0;12.10.2010;18.10.2010;1
20101005;NE;80.59;19.41;0;0;0;0;05.10.2010;11.10.2010;1
20100928;NE;80.59;19.41;0;0;0;0;28.09.2010;04.10.2010;1
20100921;NE;79.78;20.22;0;0;0;0;21.09.2010;27.09.2010;1
20100914;NE;94.01;5.99;0;0;0;0;14.09.2010;20.09.2010;1
20100907;NE;95.63;4.37;0;0;0;0;07.09.2010;13.09.2010;1
20100831;NE;96.72;3.28;0;0;0;0;31.08.2010;06.09.2010;1
20100824;NE;96.72;3.28;0;0;0;0;24.08.2010;30.08.2010;1
20100817;NE;87.95;12.05;0;0;0;0;17.08.2010;23.08.2010;1
20100810;NE;100;0;0;0;0;0;10.08.2010;16.08.2010;1
20100803;NE;100;0;0;0;0;0;03.08.2010;09.08.2010;1
20100727;NE;100;0;0;0;0;0;27.07.2010;02.08.2010;1
20100720;NE;100;0;0;0;0;0;20.07.2010;26.07.2010;1
20100713;NE;100;0;0;0;0;0;13.07.2010;19.07.2010;1
20100706;NE;100;0;0;0;0;0;06.07.2010;12.07.2010;1
20100629;NE;100;0;0;0;0;0;29.06.2010;05.07.2010;1
20100622;NE;100;0;0;0;0;0;22.06.2010;28.06.2010;1
20100615;NE;100;0;0;0;0;0;15.06.2010;21.06.2010;1
20100608;NE;100;0;0;0;0;0;08.06.2010;14.06.2010;1
20100601;NE;100;0;0;0;0;0;01.06.2010;07.06.2010;1
20100525;NE;100;0;0;0;0;0;25.05.2010;31.05.2010;1
20100518;NE;100;0;0;0;0;0;18.05.2010;24.05.2010;1
20100511;NE;100;0;0;0;0;0;11.05.2010;17.05.2010;1
20100504;NE;100;0;0;0;0;0;04.05.2010;10.05.2010;1
20100427;NE;100;0;0;0;0;0;27.04.2010;03.05.2010;1
20100420;NE;100;0;0;0;0;0;20.04.2010;26.04.2010;1
20100413;NE;100;0;0;0;0;0;13.04.2010;19.04.2010;1
20100406;NE;100;0;0;0;0;0;06.04.2010;12.04.2010;1
20100330;NE;100;0;0;0;0;0;30.03.2010;05.04.2010;1
20100323;NE;100;0;0;0;0;0;23.03.2010;29.03.2010;1
20100316;NE;100;0;0;0;0;0;16.03.2010;22.03.2010;1
20100309;NE;100;0;0;0;0;0;09.03.2010;15.03.2010;1
20100302;NE;100;0;0;0;0;0;02.03.2010;08.03.2010;1
20100223;NE;100;0;0;0;0;0;23.02.2010;01.03.2010;1
20100216;NE;100;0;0;0;0;0;16.02.2010;22.02.2010;1
20100209;NE;100;0;0;0;0;0;09.02.2010;15.02.2010;1
20100202;NE;100;0;0;0;0;0;02.02.2010;08.02.2010;1
20100126;NE;100;0;0;0;0;0;26.01.2010;01.02.2010;1
20100119;NE;100;0;0;0;0;0;19.01.2010;25.01.2010;1
20100112;NE;100;0;0;0;0;0;12.01.2010;18.01.2010;1
20100105;NE;100;0;0;0;0;0;05.01.2010;11.01.2010;1
20091229;NE;100;0;0;0;0;0;29.12.2009;04.01.2010;1
20091222;NE;100;0;0;0;0;0;22.12.2009;28.12.2009;1
20091215;NE;100;0;0;0;0;0;15.12.2009;21.12.2009;1
20091208;NE;100;0;0;0;0;0;08.12.2009;14.12.2009;1
20091201;NE;100;0;0;0;0;0;01.12.2009;07.12.2009;1
20091124;NE;100;0;0;0;0;0;24.11.2009;30.11.2009;1
20091117;NE;100;0;0;0;0;0;17.11.2009;23.11.2009;1
20091110;NE;100;0;0;0;0;0;10.11.2009;16.11.2009;1
20091103;NE;100;0;0;0;0;0;03.11.2009;09.11.2009;1
20091027;NE;100;0;0;0;0;0;27.10.2009;02.11.2009;1
20091020;NE;83.46;16.54;0;0;0;0;20.10.2009;26.10.2009;1
20091013;NE;84.75;15.25;0;0;0;0;13.10.2009;19.10.2009;1
20091006;NE;81.59;18.41;0;0;0;0;06.10.2009;12.10.2009;1
20090929;NE;95.67;4.33;0;0;0;0;29.09.2009;05.10.2009;1
20090922;NE;95.67;4.33;0;0;0;0;22.09.2009;28.09.2009;1
20090915;NE;95.67;4.33;0;0;0;0;15.09.2009;21.09.2009;1
20090908;NE;95.31;4.69;0;0;0;0;08.09.2009;14.09.2009;1
20090901;NE;95.31;4.69;0;0;0;0;01.09.2009;07.09.2009;1
20090825;NE;88.61;11.39;3.53;0;0;0;25.08.2009;31.08.2009;1
20090818;NE;88.61;11.39;3.53;0;0;0;18.08.2009;24.08.2009;1
20090811;NE;71.13;28.87;5.02;0;0;0;11.08.2009;17.08.2009;1
20090804;NE;71.15;28.85;2.76;0;0;0;04.08.2009;10.08.2009;1
20090728;NE;76.25;23.75;2.06;0;0;0;28.07.2009;03.08.2009;1
20090721;NE;76.25;23.75;2.06;0;0;0;21.07.2009;27.07.2009;1
20090714;NE;83.71;16.29;2.06;0;0;0;14.07.2009;20.07.2009;1
20090707;NE;94.73;5.27;1.64;0;0;0;07.07.2009;13.07.2009;1
20090630;NE;95.35;4.65;2.1;0;0;0;30.06.2009;06.07.2009;1
20090623;NE;87;13;0.67;0;0;0;23.06.2009;29.06.2009;1
20090616;NE;79.64;20.36;0;0;0;0;16.06.2009;22.06.2009;1
20090609;NE;72.06;27.94;0;0;0;0;09.06.2009;15.06.2009;1
20090602;NE;61.22;38.78;0;0;0;0;02.06.2009;08.06.2009;1
20090526;NE;83.22;16.78;0;0;0;0;26.05.2009;01.06.2009;1
20090519;NE;77.78;22.22;0;0;0;0;19.05.2009;25.05.2009;1
20090512;NE;85.7;14.3;0;0;0;0;12.05.2009;18.05.2009;1
20090505;NE;85.88;14.12;0;0;0;0;05.05.2009;11.05.2009;1
20090428;NE;71.81;28.19;0;0;0;0;28.04.2009;04.05.2009;1
20090421;NE;98.43;1.57;0;0;0;0;21.04.2009;27.04.2009;1
20090414;NE;89.26;10.74;0;0;0;0;14.04.2009;20.04.2009;1
20090407;NE;86.31;13.69;0;0;0;0;07.04.2009;13.04.2009;1
20090331;NE;87.85;12.15;0;0;0;0;31.03.2009;06.04.2009;1
20090324;NE;87.37;12.63;0;0;0;0;24.03.2009;30.03.2009;1
20090317;NE;88.99;11.01;0;0;0;0;17.03.2009;23.03.2009;1
20090310;NE;88.99;11.01;0;0;0;0;10.03.2009;16.03.2009;1
20090303;NE;88.99;11.01;0;0;0;0;03.03.2009;09.03.2009;1
20090224;NE;89.48;10.52;0;0;0;0;24.02.2009;02.03.2009;1
20090217;NE;89.48;10.52;0;0;0;0;17.02.2009;23.02.2009;1
20090210;NE;89.48;10.52;0;0;0;0;10.02.2009;16.02.2009;1
20090203;NE;89.48;10.52;0;0;0;0;03.02.2009;09.02.2009;1
20090127;NE;89.51;10.49;0;0;0;0;27.01.2009;02.02.2009;1
20090120;NE;89.77;10.23;0;0;0;0;20.01.2009;26.01.2009;1
20090113;NE;89.77;10.23;0;0;0;0;13.01.2009;19.01.2009;1
20090106;NE;89.77;10.23;0;0;0;0;06.01.2009;12.01.2009;1
20081230;NE;89.77;10.23;0;0;0;0;30.12.2008;05.01.2009;1
20081223;NE;89.77;10.23;0;0;0;0;23.12.2008;29.12.2008;1
20081216;NE;89.77;10.23;0;0;0;0;16.12.2008;22.12.2008;1
20081209;NE;89.77;10.23;0;0;0;0;09.12.2008;15.12.2008;1
20081202;NE;89.77;10.23;0;0;0;0;02.12.2008;08.12.2008;1
20081125;NE;90.21;9.79;0;0;0;0;25.11.2008;01.12.2008;1
20081118;NE;90.21;9.79;0;0;0;0;18.11.2008;24.11.2008;1
20081111;NE;90.7;9.3;0;0;0;0;11.11.2008;17.11.2008;1
20081104;NE;90.02;9.98;0;0;0;0;04.11.2008;10.11.2008;1
20081028;NE;90.02;9.98;0;0;0;0;28.10.2008;03.11.2008;1
20081021;NE;90.04;9.96;0;0;0;0;21.10.2008;27.10.2008;1
20081014;NE;89.98;10.02;0;0;0;0;14.10.2008;20.10.2008;1
20081007;NE;82.97;17.03;0;0;0;0;07.10.2008;13.10.2008;1
20080930;NE;82.97;17.03;0.18;0;0;0;30.09.2008;06.10.2008;1
20080923;NE;82.78;17.22;0.26;0;0;0;23.09.2008;29.09.2008;1
20080916;NE;77.74;22.26;0.26;0;0;0;16.09.2008;22.09.2008;1
20080909;NE;67.27;32.73;5.75;0;0;0;09.09.2008;15.09.2008;1
20080902;NE;57.5;42.5;11.95;0;0;0;02.09.2008;08.09.2008;1
20080826;NE;53.67;46.33;9.48;0;0;0;26.08.2008;01.09.2008;1
20080819;NE;72.71;27.29;3.38;0;0;0;19.08.2008;25.08.2008;1
20080812;NE;78.3;21.7;7.13;0;0;0;12.08.2008;18.08.2008;1
20080805;NE;51.61;48.39;11.93;0;0;0;05.08.2008;11.08.2008;1
20080729;NE;69.23;30.77;11.92;0;0;0;29.07.2008;04.08.2008;1
20080722;NE;69.22;30.78;11.73;0;0;0;22.07.2008;28.07.2008;1
20080715;NE;76.76;23.24;8.82;0;0;0;15.07.2008;21.07.2008;1
20080708;NE;76.98;23.02;8.82;0;0;0;08.07.2008;14.07.2008;1
20080701;NE;76.98;23.02;9.92;0;0;0;01.07.2008;07.07.2008;1
20080624;NE;76.98;23.02;9.92;0;0;0;24.06.2008;30.06.2008;1
20080617;NE;76.91;23.09;9.92;0;0;0;17.06.2008;23.06.2008;1
20080610;NE;77.08;22.92;10;4.92;0;0;10.06.2008;16.06.2008;1
20080603;NE;77.12;22.88;10;4.92;0;0;03.06.2008;09.06.2008;1
20080527;NE;77.12;22.88;10;4.92;0;0;27.05.2008;02.06.2008;1
20080520;NE;65.4;34.6;15.04;7.75;0;0;20.05.2008;26.05.2008;1
20080513;NE;65.4;34.6;15.08;7.75;0;0;13.05.2008;19.05.2008;1
20080506;NE;63.27;36.73;17.98;7.75;1.72;0;06.05.2008;12.05.2008;1
20080429;NE;66.67;33.33;19.12;7.75;1.72;0;29.04.2008;05.05.2008;1
20080422;NE;66.67;33.33;19.12;7.75;1.72;0;22.04.2008;28.04.2008;1
20080415;NE;66.67;33.33;19.12;7.75;1.72;0;15.04.2008;21.04.2008;1
20080408;NE;66.67;33.33;23.82;7.75;1.72;0;08.04.2008;14.04.2008;1
20080401;NE;66.67;33.33;23.82;7.75;1.72;0;01.04.2008;07.04.2008;1
20080325;NE;66.67;33.33;23.82;7.75;1.72;0;25.03.2008;31.03.2008;1
20080318;NE;66.67;33.33;23.82;7.75;1.72;0;18.03.2008;24.03.2008;1
20080311;NE;66.67;33.33;23.82;7.75;1.72;0;11.03.2008;17.03.2008;1
20080304;NE;66.67;33.33;15.75;7.75;1.72;0;04.03.2008;10.03.2008;1
20080226;NE;66.67;33.33;15.75;7.75;1.72;0;26.02.2008;03.03.2008;1
20080219;NE;66.67;33.33;15.75;7.75;1.72;0;19.02.2008;25.02.2008;1
20080212;NE;66.67;33.33;15.75;7.75;1.72;0;12.02.2008;18.02.2008;1
20080205;NE;66.67;33.33;15.75;7.75;1.72;0;05.02.2008;11.02.2008;1
20080129;NE;66.67;33.33;15.75;7.75;1.72;0;29.01.2008;04.02.2008;1
20080122;NE;66.7;33.3;15.75;7.75;1.72;0;22.01.2008;28.01.2008;1
20080115;NE;66.7;33.3;15.79;7.75;1.72;0;15.01.2008;21.01.2008;1
20080108;NE;66.7;33.3;15.79;7.75;1.72;0;08.01.2008;14.01.2008;1
20080101;NE;66.74;33.26;15.92;7.75;1.72;0;01.01.2008;07.01.2008;1
20071225;NE;66.74;33.26;15.92;7.75;1.72;0;25.12.2007;31.12.2007;1
20071218;NE;66.74;33.26;15.92;7.75;1.72;0;18.12.2007;24.12.2007;1
20071211;NE;66.43;33.57;15.9;7.75;1.72;0;11.12.2007;17.12.2007;1
20071204;NE;66.43;33.57;15.9;7.75;1.72;0;04.12.2007;10.12.2007;1
20071127;NE;69.11;30.89;15.9;7.75;1.72;0;27.11.2007;03.12.2007;1
20071120;NE;69.11;30.89;15.9;7.75;1.72;0;20.11.2007;26.11.2007;1
20071113;NE;69.11;30.89;15.9;7.75;1.72;0;13.11.2007;19.11.2007;1
20071106;NE;73.25;26.75;13.55;6.65;1.72;0;06.11.2007;12.11.2007;1
20071030;NE;73.25;26.75;13.55;6.65;1.72;0;30.10.2007;05.11.2007;1
20071023;NE;73.25;26.75;13.55;6.65;1.72;0;23.10.2007;29.10.2007;1
20071016;NE;73.25;26.75;13.55;6.65;1.72;0;16.10.2007;22.10.2007;1
20071009;NE;71.25;28.75;13.55;7.03;1.72;0;09.10.2007;15.10.2007;1
20071002;NE;70.93;29.07;13.57;7.03;1.72;0;02.10.2007;08.10.2007;1
20070925;NE;70.93;29.07;13.57;7.03;1.72;0;25.09.2007;01.10.2007;1
20070918;NE;58.39;41.61;13.57;7.03;1.72;0;18.09.2007;24.09.2007;1
20070911;NE;57.63;42.37;13.57;7.02;1.72;0;11.09.2007;17.09.2007;1
20070904;NE;71.33;28.67;13.57;7.02;1.72;0;04.09.2007;10.09.2007;1
20070828;NE;70.86;29.14;14.07;7.64;3.34;0;28.08.2007;03.09.2007;1
20070821;NE;61.28;38.72;17.31;9.53;3.09;0;21.08.2007;27.08.2007;1
20070814;NE;61.28;38.72;17.31;9.54;3.09;0;14.08.2007;20.08.2007;1
20070807;NE;52.21;47.79;20.49;9.53;3.09;0;07.08.2007;13.08.2007;1
20070731;NE;47.2;52.8;19.26;9.24;0.44;0;31.07.2007;06.08.2007;1
20070724;NE;42.68;57.32;21.17;8.98;0.44;0;24.07.2007;30.07.2007;1
20070717;NE;52.87;47.13;20.83;8.98;0.44;0;17.07.2007;23.07.2007;1
20070710;NE;61.78;38.22;16.14;8.1;0;0;10.07.2007;16.07.2007;1
20070703;NE;72.77;27.23;14.55;7.36;0;0;03.07.2007;09.07.2007;1
20070626;NE;77.75;22.25;13.58;6.96;0;0;26.06.2007;02.07.2007;1
20070619;NE;77.75;22.25;13.58;6.96;0;0;19.06.2007;25.06.2007;1
20070612;NE;77.75;22.25;13.58;6.96;0;0;12.06.2007;18.06.2007;1
20070605;NE;77.75;22.25;13.58;6.96;0;0;05.06.2007;11.06.2007;1
20070529;NE;77.75;22.25;13.58;6.96;0;0;29.05.2007;04.06.2007;1
20070522;NE;77.75;22.25;14.51;6.96;0;0;22.05.2007;28.05.2007;1
20070515;NE;77.75;22.25;15.56;9.17;0;0;15.05.2007;21.05.2007;1
20070508;NE;77.75;22.25;15.56;9.17;0;0;08.05.2007;14.05.2007;1
20070501;NE;72.29;27.71;17.21;11.83;6.74;0;01.05.2007;07.05.2007;1
20070424;NE;64.27;35.73;19.98;13.33;7.98;0;24.04.2007;30.04.2007;1
20070417;NE;60.97;39.03;25.35;16.71;8.71;0;17.04.2007;23.04.2007;1
20070410;NE;60.18;39.82;25.35;16.49;8.71;0;10.04.2007;16.04.2007;1
20070403;NE;59.63;40.37;25.35;18.27;8.71;0;03.04.2007;09.04.2007;1
20070327;NE;48.08;51.92;34.1;24.22;12.33;0;27.03.2007;02.04.2007;1
20070320;NE;48.08;51.92;34.1;24.22;12.33;0;20.03.2007;26.03.2007;1
20070313;NE;48.08;51.92;34.1;24.22;12.33;0;13.03.2007;19.03.2007;1
20070306;NE;48.08;51.92;34.1;24.22;12.33;0;06.03.2007;12.03.2007;1
20070227;NE;48.06;51.94;37.66;24.22;12.33;0;27.02.2007;05.03.2007;1
20070220;NE;35.46;64.54;56.3;38.89;26.15;0;20.02.2007;26.02.2007;1
20070213;NE;35.46;64.54;56.3;38.89;26.15;0;13.02.2007;19.02.2007;1
20070206;NE;35.46;64.54;56.3;38.89;26.15;0;06.02.2007;12.02.2007;1
20070130;NE;35.46;64.54;56.3;38.89;26.15;0;30.01.2007;05.02.2007;1
20070123;NE;35.46;64.54;56.3;38.89;26.15;0;23.01.2007;29.01.2007;1
20070116;NE;35.46;64.54;56.3;38.89;26.15;0;16.01.2007;22.01.2007;1
20070109;NE;35.46;64.54;56.3;38.89;26.15;0;09.01.2007;15.01.2007;1
20070102;NE;35.94;64.06;56.3;38.89;25.62;0;02.01.2007;08.01.2007;1
20061226;NE;1.06;98.94;60.74;41.31;25.62;0;26.12.2006;01.01.2007;1
20061219;NE;1;99;63.65;41.31;30.84;0;19.12.2006;25.12.2006;1
20061212;NE;0.96;99.04;63.65;41.31;30.84;0;12.12.2006;18.12.2006;1
20061205;NE;1.88;98.12;63.65;41.31;30.84;0;05.12.2006;11.12.2006;1
20061128;NE;7.38;92.62;62.91;41.56;31.08;0;28.11.2006;04.12.2006;1
20061121;NE;7.49;92.51;62.91;41.56;31.08;0;21.11.2006;27.11.2006;1
20061114;NE;7.62;92.38;62.91;41.56;31.08;0;14.11.2006;20.11.2006;1
20061107;NE;8.02;91.98;62.91;41.56;31.08;0;07.11.2006;13.11.2006;1
20061031;NE;8.99;91.01;62.91;41.56;31.08;0;31.10.2006;06.11.2006;1
20061024;NE;8.97;91.03;62.91;41.56;31.08;0;24.10.2006;30.10.2006;1
20061017;NE;8.97;91.03;62.91;41.56;31.08;0;17.10.2006;23.10.2006;1
20061010;NE;8.97;91.03;62.91;41.56;30.69;0;10.10.2006;16.10.2006;1
20061003;NE;8.97;91.03;66.88;41.56;30.69;0;03.10.2006;09.10.2006;1
20060926;NE;8.98;91.02;66.88;41.56;31.6;0;26.09.2006;02.10.2006;1
20060919;NE;6.26;93.74;74.02;41.56;31.6;0;19.09.2006;25.09.2006;1
20060912;NE;5.65;94.35;76.72;55.88;34.81;0;12.09.2006;18.09.2006;1
20060905;NE;0.77;99.23;86.34;64.43;34.81;0;05.09.2006;11.09.2006;1
20060829;NE;0.77;99.23;86.34;64.43;33.53;0;29.08.2006;04.09.2006;1
20060822;NE;0.69;99.31;86.47;64.43;33.9;0;22.08.2006;28.08.2006;1
20060815;NE;0;100;96.44;71.88;34.07;0;15.08.2006;21.08.2006;1
20060808;NE;0;100;98.96;81.56;34.06;0;08.08.2006;14.08.2006;1
20060801;NE;0;100;100;95.53;18.68;0;01.08.2006;07.08.2006;1
20060725;NE;0;100;100;76.02;4.6;0;25.07.2006;31.07.2006;1
20060718;NE;0;100;100;68.28;4.6;0;18.07.2006;24.07.2006;1
20060711;NE;0;100;78.38;38.15;0;0;11.07.2006;17.07.2006;1
20060704;NE;1.76;98.24;78.96;44.11;11.38;0;04.07.2006;10.07.2006;1
20060627;NE;1.88;98.12;69.64;44.16;16.89;0;27.06.2006;03.07.2006;1
20060620;NE;0;100;69.64;46.29;16.89;0;20.06.2006;26.06.2006;1
20060613;NE;0;100;69.64;46.29;16.89;0;13.06.2006;19.06.2006;1
20060606;NE;19.94;80.06;64.88;41.83;0;0;06.06.2006;12.06.2006;1
20060530;NE;14.22;85.78;57.09;31.9;0;0;30.05.2006;05.06.2006;1
20060523;NE;31.6;68.4;46.91;24.61;0;0;23.05.2006;29.05.2006;1
20060516;NE;41.61;58.39;38.85;8.23;0;0;16.05.2006;22.05.2006;1
20060509;NE;41.61;58.39;38.85;2.88;0;0;09.05.2006;15.05.2006;1
20060502;NE;33.37;66.63;44.17;2.88;0;0;02.05.2006;08.05.2006;1
20060425;NE;33.07;66.93;43.42;0;0;0;25.04.2006;01.05.2006;1
20060418;NE;33.07;66.93;43.44;0;0;0;18.04.2006;24.04.2006;1
20060411;NE;33.36;66.64;44.17;0;0;0;11.04.2006;17.04.2006;1
20060404;NE;31.33;68.67;46.61;0;0;0;04.04.2006;10.04.2006;1
20060328;NE;24.9;75.1;61.07;0.97;0;0;28.03.2006;03.04.2006;1
20060321;NE;25.15;74.85;61.07;0.97;0;0;21.03.2006;27.03.2006;1
20060314;NE;11.77;88.23;63.78;12.12;0;0;14.03.2006;20.03.2006;1
20060307;NE;11.77;88.23;63.59;12.74;0;0;07.03.2006;13.03.2006;1
20060228;NE;11.56;88.44;63.96;12.74;0;0;28.02.2006;06.03.2006;1
20060221;NE;11.56;88.44;63.72;5.58;0;0;21.02.2006;27.02.2006;1
20060214;NE;11.56;88.44;63.63;5.58;0;0;14.02.2006;20.02.2006;1
20060207;NE;11.56;88.44;63.63;5.58;0;0;07.02.2006;13.02.2006;1
20060131;NE;11.63;88.37;58.95;0.22;0;0;31.01.2006;06.02.2006;1
20060124;NE;11.67;88.33;43.65;0.22;0;0;24.01.2006;30.01.2006;1
20060117;NE;11.67;88.33;43.65;0.22;0;0;17.01.2006;23.01.2006;1
20060110;NE;12.97;87.03;35.4;0.22;0;0;10.01.2006;16.01.2006;1
20060103;NE;12.97;87.03;34.48;0.22;0;0;03.01.2006;09.01.2006;1
20051227;NE;13.11;86.89;34.48;0.22;0;0;27.12.2005;02.01.2006;1
20051220;NE;13.11;86.89;34.48;0.22;0;0;20.12.2005;26.12.2005;1
